"Tanggal","Terakhir","Pembukaan","Tertinggi","Terendah","Vol.","Perubahan%"
"23/05/2025","225,76","224,92","226,07","224,51","10,24B","0,65%"
"22/05/2025","224,32","224,16","225,47","223,85","12,58B","0,34%"
"21/05/2025","223,55","222,88","224,20","222,65","12,97B","0,39%"
"20/05/2025","222,67","225,79","226,49","222,67","12,26B","-1,06%"
"19/05/2025","225,06","223,93","225,58","223,67","12,01B","0,83%"
"16/05/2025","223,20","223,07","223,22","221,71","12,27B","0,86%"
"15/05/2025","221,29","220,78","222,53","220,78","15,14B","0,46%"
"14/05/2025","220,29","219,09","221,14","219,09","14,30B","0,99%"
"09/05/2025","218,12","218,83","220,05","217,74","9,49B","-0,15%"
"08/05/2025","218,45","221,44","221,74","218,24","12,63B","-1,08%"
"07/05/2025","220,84","220,38","222,52","220,28","12,49B","0,45%"
"06/05/2025","219,85","218,19","220,25","218,19","11,35B","1,25%"
"05/05/2025","217,13","217,24","218,35","216,52","10,92B","0,32%"
"02/05/2025","216,42","215,43","216,56","214,65","11,96B","0,64%"
"30/04/2025","215,04","214,69","215,78","214,31","11,59B","0,38%"
"29/04/2025","214,23","213,70","214,79","213,34","11,55B","0,59%"
"28/04/2025","212,97","212,63","213,81","211,92","10,67B","0,45%"
"25/04/2025","212,02","211,03","212,10","210,70","8,70B","0,86%"
"24/04/2025","210,22","210,97","211,96","209,24","8,13B","0,06%"
"23/04/2025","210,09","209,92","210,77","209,29","11,78B","0,68%"
"22/04/2025","208,67","206,73","208,71","205,49","11,44B","1,22%"
"21/04/2025","206,16","205,30","206,87","204,43","7,45B","0,80%"
"17/04/2025","204,52","202,62","204,59","202,43","8,38B","1,07%"
"16/04/2025","202,35","203,19","204,09","201,25","8,59B","0,12%"
"15/04/2025","202,11","201,35","203,29","200,21","8,23B","1,91%"
"14/04/2025","198,33","194,76","200,60","194,76","8,19B","2,33%"
"11/04/2025","193,81","192,09","194,98","190,64","7,50B","0,46%"
"10/04/2025","192,93","192,40","194,57","191,43","9,57B","3,92%"
"09/04/2025","185,66","186,52","189,41","184,75","7,53B","-0,35%"
"08/04/2025","186,30","186,16","186,76","183,10","9,14B","-7,51%"
"27/03/2025","201,42","200,18","201,42","199,30","7,13B","0,53%"
"26/03/2025","200,37","196,66","200,97","196,65","7,21B","2,46%"
"25/03/2025","195,55","195,51","197,24","194,60","6,82B","0,38%"
"24/03/2025","194,81","197,95","198,51","188,35","7,50B","-1,52%"
"21/03/2025","197,81","204,76","204,86","196,91","10,16B","-2,02%"
"20/03/2025","201,88","199,57","203,35","199,51","9,05B","2,16%"
"19/03/2025","197,62","193,41","198,40","191,04","8,31B","1,80%"
"18/03/2025","194,12","201,68","201,75","187,98","13,55B","-4,11%"
"17/03/2025","202,43","201,90","205,79","201,70","8,39B","-0,74%"
"14/03/2025","203,95","209,62","209,62","203,88","7,73B","-2,62%"
"13/03/2025","209,43","208,04","209,43","206,69","8,25B","0,85%"
"12/03/2025","207,66","204,48","207,75","204,44","8,53B","1,78%"
"11/03/2025","204,02","204,11","204,59","202,70","8,57B","-0,88%"
"10/03/2025","205,82","206,15","206,65","204,38","7,72B","0,07%"
"07/03/2025","205,68","204,85","207,59","203,63","7,38B","0,70%"
"06/03/2025","204,24","202,08","205,81","201,97","8,30B","1,52%"
"05/03/2025","201,18","196,95","201,20","196,95","7,95B","2,64%"
"04/03/2025","196,01","202,32","202,39","195,48","9,19B","-3,13%"
"03/03/2025","202,35","198,40","203,72","198,14","9,75B","2,82%"
"28/02/2025","196,80","203,95","203,96","195,66","11,02B","-3,58%"
"27/02/2025","204,12","206,23","207,04","202,51","7,85B","-0,91%"
"26/02/2025","205,99","207,34","208,47","204,23","7,86B","0,33%"
"25/02/2025","205,30","211,53","211,87","204,99","9,47B","-2,88%"
"24/02/2025","211,40","212,33","213,09","210,60","11,78B","-0,34%"
"21/02/2025","212,11","211,59","212,64","210,80","7,83B","0,58%"
"20/02/2025","210,89","210,90","211,97","210,16","12,04B","0,36%"
"19/02/2025","210,13","210,07","210,48","208,45","9,72B","0,34%"
"18/02/2025","209,42","208,16","209,81","207,95","9,50B","0,86%"
"17/02/2025","207,63","204,68","207,85","204,38","9,12B","1,70%"
"14/02/2025","204,16","203,32","204,30","203,06","7,88B","0,74%"
"13/02/2025","202,65","202,43","202,93","200,50","7,56B","-0,10%"
"12/02/2025","202,86","199,75","202,86","199,31","9,12B","1,97%"
"11/02/2025","198,94","203,06","203,64","198,53","8,88B","-1,81%"
"10/02/2025","202,60","203,78","205,06","201,26","8,62B","-0,76%"
"07/02/2025","204,15","207,86","207,86","203,00","8,50B","-2,22%"
"06/02/2025","208,79","213,03","213,12","207,74","8,59B","-1,48%"
"05/02/2025","211,94","212,68","213,02","211,26","8,91B","0,00%"
"04/02/2025","211,93","210,79","213,51","210,79","10,69B","0,89%"
"03/02/2025","210,06","211,38","211,47","207,06","8,14B","-0,83%"
"31/01/2025","211,82","212,47","213,51","211,82","7,16B","-0,05%"
"30/01/2025","211,93","214,55","214,59","210,75","8,73B","-1,20%"
"24/01/2025","214,50","214,74","215,44","214,50","7,66B","0,06%"
"23/01/2025","214,37","216,85","217,73","214,37","9,12B","-0,92%"
"22/01/2025","216,36","214,37","216,52","214,37","8,69B","1,41%"
"21/01/2025","213,36","214,45","215,01","213,36","9,12B","-0,15%"
"20/01/2025","213,68","214,15","214,72","213,45","9,63B","0,02%"
"17/01/2025","213,63","212,58","213,63","211,33","11,50B","0,81%"
"16/01/2025","211,91","213,96","214,16","211,36","9,83B","-0,35%"
"15/01/2025","212,66","211,86","212,76","211,57","11,14B","0,85%"
"14/01/2025","210,87","212,42","213,03","210,87","10,34B","-0,51%"
"13/01/2025","211,94","212,89","213,51","211,30","9,78B","-0,23%"
"10/01/2025","212,42","211,02","212,65","210,86","9,57B","0,95%"
"09/01/2025","210,42","211,22","212,30","210,42","8,88B","-0,10%"
"08/01/2025","210,63","212,90","213,28","210,30","8,03B","-0,94%"
"07/01/2025","212,63","212,37","213,04","211,33","7,44B","0,13%"
"06/01/2025","212,36","216,15","216,25","212,20","7,92B","-1,65%"
"03/01/2025","215,93","217,01","217,60","214,80","9,11B","-0,21%"
"02/01/2025","216,38","216,32","216,47","214,86","10,28B","0,34%"
"30/12/2024","215,65","213,84","215,65","212,67","7,13B","0,84%"
"27/12/2024","213,86","215,34","216,14","213,43","6,68B","-0,40%"
"24/12/2024","214,71","215,02","215,29","213,68","7,41B","0,12%"
"23/12/2024","214,44","213,60","214,99","213,24","7,98B","1,00%"
"20/12/2024","212,33","212,62","213,56","211,23","8,82B","-0,09%"
"19/12/2024","212,52","214,97","214,97","211,68","9,90B","-1,77%"
"18/12/2024","216,36","218,68","219,77","216,36","7,87B","-0,92%"
"17/12/2024","218,36","221,18","221,56","217,28","7,66B","-1,44%"
"16/12/2024","221,55","224,71","225,05","220,75","8,44B","-1,55%"
"13/12/2024","225,03","226,78","226,95","224,76","6,58B","-0,79%"
"12/12/2024","226,83","227,67","228,73","225,81","9,46B","-0,44%"
"11/12/2024","227,84","226,77","229,67","226,69","12,54B","0,55%"
"10/12/2024","226,58","226,79","227,18","225,32","12,76B","0,28%"
"09/12/2024","225,94","225,12","226,07","224,42","9,20B","0,60%"
"06/12/2024","224,59","223,54","224,59","223,07","7,71B","0,33%"
"05/12/2024","223,86","223,45","223,86","222,04","10,72B","0,24%"
"04/12/2024","223,34","220,40","223,69","220,27","13,54B","1,39%"
"03/12/2024","220,27","217,57","220,27","217,50","14,31B","1,65%"
"02/12/2024","216,68","217,49","218,89","216,38","12,95B","-0,35%"
"29/11/2024","217,45","218,93","219,80","216,57","17,81B","-1,02%"
"28/11/2024","219,68","221,04","222,00","219,38","14,48B","-1,06%"
"26/11/2024","222,03","223,53","224,29","221,85","12,64B","-0,41%"
"25/11/2024","222,95","220,85","223,27","220,72","22,05B","1,09%"
"22/11/2024","220,55","220,24","221,40","219,93","17,23B","0,34%"
"21/11/2024","219,81","219,41","221,93","219,41","12,62B","0,20%"
"20/11/2024","219,36","220,15","220,63","218,62","12,73B","-0,40%"
"19/11/2024","220,24","217,46","221,31","217,26","17,17B","1,48%"
"18/11/2024","217,02","216,39","217,42","216,05","16,82B","0,31%"
"15/11/2024","216,36","217,96","219,29","214,37","18,72B","-0,84%"
"14/11/2024","218,18","221,29","221,68","218,18","17,82B","-1,37%"
"13/11/2024","221,22","222,79","223,41","221,11","19,28B","-0,44%"
"12/11/2024","222,20","220,44","222,77","220,26","24,84B","0,88%"
"11/11/2024","220,27","221,88","222,56","219,03","18,56B","-0,72%"
"08/11/2024","221,87","220,52","222,99","220,52","12,34B","0,84%"
"07/11/2024","220,01","224,34","224,34","219,97","17,24B","-1,94%"
"06/11/2024","224,36","226,39","227,63","223,63","20,43B","-0,82%"
"05/11/2024","226,22","226,97","227,79","225,08","15,06B","-0,17%"
"04/11/2024","226,62","228,33","229,07","224,90","17,51B","-0,70%"
"01/11/2024","228,21","230,78","230,91","227,75","12,46B","-1,12%"
"31/10/2024","230,79","230,66","231,30","229,82","16,67B","0,11%"
"30/10/2024","230,54","231,13","231,40","229,17","13,59B","-0,27%"
"29/10/2024","231,17","231,75","232,98","230,66","14,15B","-0,14%"
"28/10/2024","231,50","232,04","232,48","229,38","15,89B","-0,16%"
"25/10/2024","231,86","232,86","233,97","231,68","17,48B","-0,35%"
"24/10/2024","232,68","235,09","235,20","232,68","19,09B","-1,06%"
"23/10/2024","235,18","235,62","236,35","234,37","22,46B","-0,32%"
"22/10/2024","235,92","234,75","236,11","233,72","24,45B","0,50%"
"21/10/2024","234,76","234,21","235,31","233,18","19,68B","0,31%"
"18/10/2024","234,02","233,12","234,07","232,08","19,35B","0,48%"
"17/10/2024","232,89","231,21","233,49","231,18","18,48B","0,73%"
"16/10/2024","231,20","230,27","231,20","229,77","16,26B","0,60%"
"15/10/2024","229,82","227,88","230,07","227,82","18,11B","0,96%"
"14/10/2024","227,64","226,50","227,94","226,49","17,30B","0,49%"
"11/10/2024","226,52","225,32","227,16","225,31","13,40B","0,90%"
"10/10/2024","224,51","225,40","225,83","224,05","11,96B","-0,33%"
"09/10/2024","225,25","226,76","227,15","224,85","11,52B","-0,68%"
"08/10/2024","226,80","226,57","227,45","225,25","13,67B","0,04%"
"07/10/2024","226,70","225,26","227,13","224,40","16,94B","0,83%"
"04/10/2024","224,83","226,53","226,88","224,40","19,28B","-0,77%"
"03/10/2024","226,58","228,18","228,37","226,14","15,37B","-0,47%"
"02/10/2024","227,66","229,50","229,83","226,02","27,54B","-1,06%"
"01/10/2024","230,10","226,98","230,10","226,79","18,03B","1,53%"
"30/09/2024","226,63","231,23","231,49","226,63","18,41B","-1,96%"
"27/09/2024","231,17","232,77","233,11","230,26","15,80B","-0,75%"
"26/09/2024","232,92","231,08","232,92","229,63","16,49B","0,92%"
"25/09/2024","230,79","229,30","230,79","228,03","22,79B","0,74%"
"24/09/2024","229,09","229,63","230,22","228,60","14,01B","-0,08%"
"23/09/2024","229,28","226,99","229,28","226,21","22,13B","1,11%"
"20/09/2024","226,75","229,44","229,46","226,04","27,56B","-1,20%"
"19/09/2024","229,52","228,15","229,62","227,69","22,14B","0,74%"
"18/09/2024","227,82","228,30","229,27","227,38","19,84B","0,01%"
"17/09/2024","227,80","227,06","228,20","226,99","18,16B","0,52%"
"13/09/2024","226,63","226,93","227,81","226,04","13,21B","0,06%"
"12/09/2024","226,50","224,81","227,17","224,81","21,75B","1,19%"
"11/09/2024","223,82","224,84","225,32","223,25","13,24B","-0,39%"
"10/09/2024","224,71","224,98","225,36","224,10","15,91B","0,16%"
"09/09/2024","224,34","224,89","225,55","223,22","10,47B","-0,24%"
"06/09/2024","224,89","224,70","226,17","224,68","8,80B","0,00%"
"05/09/2024","224,88","224,56","225,64","224,09","10,02B","0,21%"
"04/09/2024","224,40","223,09","225,08","221,93","11,29B","0,13%"
"03/09/2024","224,12","226,50","227,01","224,02","12,64B","-1,02%"
"02/09/2024","226,44","225,82","227,25","225,09","10,72B","0,42%"
"30/08/2024","225,50","224,90","226,16","223,60","14,34B","0,30%"
"29/08/2024","224,83","225,83","227,20","224,83","11,10B","-0,35%"
"28/08/2024","225,62","224,91","226,59","224,36","11,18B","0,52%"
"27/08/2024","224,46","223,59","224,46","223,15","10,48B","0,47%"
"26/08/2024","223,40","222,22","223,59","222,22","10,02B","0,57%"
"23/08/2024","222,14","221,13","222,97","221,08","8,50B","0,71%"
"22/08/2024","220,58","220,91","221,58","220,09","9,49B","-0,39%"
"21/08/2024","221,45","222,27","223,27","221,30","14,74B","-0,20%"
"20/08/2024","221,90","221,68","222,23","221,15","11,48B","0,44%"
"19/08/2024","220,92","221,16","221,70","219,95","9,28B","-0,12%"
"16/08/2024","221,18","221,78","222,16","220,59","11,91B","0,19%"
"15/08/2024","220,76","221,77","222,24","220,14","10,94B","-0,43%"
"14/08/2024","221,71","219,94","221,71","219,88","12,32B","0,91%"
"13/08/2024","219,71","219,02","220,53","218,34","11,07B","0,65%"
"12/08/2024","218,30","216,88","218,30","216,04","11,97B","0,67%"
"09/08/2024","216,84","215,43","217,13","215,43","8,34B","1,04%"
"08/08/2024","214,61","216,12","216,71","214,18","8,92B","-0,74%"
"07/08/2024","216,22","214,00","218,10","214,00","9,96B","1,18%"
"06/08/2024","213,69","212,30","214,96","211,94","8,62B","0,98%"
"05/08/2024","211,62","217,86","217,86","209,13","14,48B","-3,37%"
"02/08/2024","219,00","218,60","219,41","217,26","9,59B","0,02%"
"01/08/2024","218,95","218,37","219,34","217,78","8,45B","0,39%"
"31/07/2024","218,10","217,68","218,15","216,36","9,96B","0,34%"
"30/07/2024","217,37","218,85","218,99","216,90","9,26B","-0,67%"
"29/07/2024","218,84","218,42","220,06","218,21","10,40B","0,35%"
"26/07/2024","218,08","217,24","218,52","217,07","10,52B","0,58%"
"25/07/2024","216,82","217,94","218,05","215,78","9,29B","-0,55%"
"24/07/2024","218,01","219,02","219,34","217,42","11,82B","-0,43%"
"23/07/2024","218,96","218,02","218,96","217,98","22,49B","0,55%"
"22/07/2024","217,76","218,53","219,09","217,20","11,20B","-0,07%"
"19/07/2024","217,91","219,05","219,44","217,00","9,69B","-0,64%"
"18/07/2024","219,33","218,71","219,88","218,46","11,38B","0,28%"
"17/07/2024","218,71","218,94","219,13","217,52","18,21B","0,54%"
"16/07/2024","217,53","218,59","218,74","216,91","7,73B","-0,24%"
"15/07/2024","218,06","218,91","219,48","217,08","7,82B","-0,30%"
"12/07/2024","218,71","219,10","219,68","217,94","9,39B","0,13%"
"11/07/2024","218,43","217,54","218,90","217,20","11,56B","0,64%"
"10/07/2024","217,04","215,99","217,88","215,90","17,99B","0,63%"
"09/07/2024","215,68","216,47","216,84","215,39","9,90B","-0,47%"
"08/07/2024","216,71","216,12","216,71","215,15","12,66B","0,40%"
"05/07/2024","215,84","215,51","216,10","214,83","10,08B","0,29%"
"04/07/2024","215,21","215,36","216,44","214,94","12,29B","-0,01%"
"03/07/2024","215,23","212,89","215,23","212,80","8,98B","1,27%"
"02/07/2024","212,53","212,32","213,27","211,64","9,32B","0,14%"
"01/07/2024","212,24","209,73","212,52","209,59","8,09B","1,42%"
"28/06/2024","209,27","207,61","209,62","207,50","7,02B","0,88%"
"27/06/2024","207,45","207,29","207,86","206,53","5,72B","0,26%"
"26/06/2024","206,91","205,22","208,05","205,21","8,58B","0,95%"
"25/06/2024","204,97","205,18","205,51","204,38","7,75B","-0,08%"
"24/06/2024","205,14","204,67","205,40","204,31","8,90B","0,27%"
"21/06/2024","204,59","206,08","207,34","204,59","16,85B","-0,58%"
"20/06/2024","205,79","205,36","206,00","204,43","11,20B","0,40%"
"19/06/2024","204,96","205,63","206,00","204,54","18,04B","-0,03%"
"14/06/2024","205,03","207,68","208,07","204,57","11,39B","-1,23%"
"13/06/2024","207,58","208,85","209,60","207,53","13,10B","-0,22%"
"12/06/2024","208,03","208,89","209,12","206,88","13,84B","-0,14%"
"11/06/2024","208,33","210,23","210,85","208,33","12,87B","-1,16%"
"10/06/2024","210,77","211,37","211,52","209,38","19,50B","-0,24%"
"07/06/2024","211,29","212,80","213,38","210,74","9,08B","-0,58%"
"06/06/2024","212,52","212,59","214,21","211,50","10,91B","0,41%"
"05/06/2024","211,66","217,20","217,80","211,18","11,26B","-2,50%"
"04/06/2024","217,10","215,20","218,67","215,11","12,94B","1,08%"
"03/06/2024","214,78","214,59","215,42","213,21","10,30B","0,65%"
"31/05/2024","213,40","216,12","216,77","212,06","19,13B","-0,89%"
"30/05/2024","215,31","218,10","218,32","214,91","13,75B","-1,32%"
"29/05/2024","218,19","221,58","221,65","217,65","10,41B","-0,40%"
"28/05/2024","219,07","218,67","221,63","217,88","12,45B","1,24%"
"27/05/2024","216,39","215,73","217,87","215,43","13,66B","0,55%"
"22/05/2024","215,20","214,48","215,65","214,11","9,75B","0,61%"
"21/05/2024","213,90","215,34","215,62","213,74","9,84B","-0,64%"
"20/05/2024","215,26","215,16","216,35","214,40","12,19B","0,32%"
"17/05/2024","214,59","214,20","215,38","214,11","14,74B","0,27%"
"16/05/2024","214,00","212,89","214,31","212,89","12,18B","0,49%"
"15/05/2024","212,95","211,06","213,18","210,94","10,92B","0,95%"
"14/05/2024","210,95","211,16","212,06","210,23","10,71B","-0,44%"
"13/05/2024","211,88","211,07","212,31","210,68","10,29B","0,33%"
"08/05/2024","211,18","211,72","211,94","210,43","11,49B","-0,06%"
"07/05/2024","211,31","211,95","212,71","210,82","11,56B","-0,19%"
"06/05/2024","211,72","211,81","212,35","210,97","13,38B","0,37%"
"03/05/2024","210,95","210,58","211,22","209,75","13,12B","0,46%"
"02/05/2024","209,98","211,39","211,69","209,09","","-0,59%"
"01/05/2024","211,23","209,50","211,93","209,38","","0,00%"
"30/04/2024","211,23","209,50","211,93","209,38","","1,10%"
"29/04/2024","208,92","205,94","208,92","205,37","","1,74%"
"26/04/2024","205,35","208,10","208,44","205,35","","-1,36%"
"25/04/2024","208,19","208,01","208,66","207,57","","0,09%"
"24/04/2024","208,01","207,54","208,97","207,49","","0,32%"
"23/04/2024","207,35","206,86","208,83","206,86","","0,42%"
"22/04/2024","206,50","206,87","208,25","206,14","","0,07%"
"19/04/2024","206,35","208,62","208,84","205,41","","-1,21%"
"18/04/2024","208,88","208,84","209,23","208,01","","0,15%"
"17/04/2024","208,56","211,58","211,81","208,56","","-1,26%"
"16/04/2024","211,24","211,96","212,29","209,06","12,66B","-0,94%"
"05/04/2024","213,25","212,94","213,85","212,61","6,81B","0,11%"
"04/04/2024","213,01","211,21","213,19","210,93","7,95B","0,92%"
"03/04/2024","211,07","211,52","212,08","210,58","8,00B","-0,33%"
"02/04/2024","211,77","209,23","211,77","208,99","9,42B","1,18%"
"01/04/2024","209,31","209,67","209,97","207,47","8,66B","-0,16%"
"28/03/2024","209,64","209,51","210,08","208,15","9,59B","0,08%"
"27/03/2024","209,47","211,97","212,28","209,09","9,62B","-1,21%"
"26/03/2024","212,04","211,78","212,45","211,09","10,54B","-0,16%"
"25/03/2024","212,37","212,71","213,29","211,53","8,76B","-0,15%"
"22/03/2024","212,69","212,69","213,01","211,74","8,86B","0,13%"
"21/03/2024","212,42","212,58","214,00","212,38","10,72B","0,20%"
"20/03/2024","212,01","211,27","212,62","210,96","13,80B","0,16%"
"19/03/2024","211,66","211,31","212,33","211,22","10,85B","0,40%"
"18/03/2024","210,81","210,40","211,69","209,50","12,62B","0,23%"
"15/03/2024","210,32","212,26","212,37","209,83","19,79B","-0,83%"
"14/03/2024","212,10","211,74","213,33","210,63","9,73B","0,36%"
"13/03/2024","211,34","210,67","212,20","210,55","10,00B","0,53%"
"08/03/2024","210,22","211,01","211,40","210,02","9,64B","-0,27%"
"07/03/2024","210,79","210,06","211,25","209,78","16,37B","0,37%"
"06/03/2024","210,01","207,70","210,05","207,60","14,71B","1,16%"
"05/03/2024","207,61","208,93","209,28","207,32","12,04B","-0,61%"
"04/03/2024","208,88","210,14","210,43","208,23","13,63B","-0,40%"
"01/03/2024","209,72","209,36","210,29","208,58","10,65B","0,04%"
"29/02/2024","209,64","209,39","209,76","208,50","19,48B","0,26%"
"28/02/2024","209,10","209,58","209,89","208,41","19,05B","-0,02%"
"27/02/2024","209,15","209,10","209,24","208,02","14,50B","-0,01%"
"26/02/2024","209,18","209,99","210,29","208,78","11,60B","-0,41%"
"23/02/2024","210,04","210,78","211,04","208,96","10,80B","-0,29%"
"22/02/2024","210,66","209,74","210,92","209,66","11,68B","0,44%"
"21/02/2024","209,74","209,81","210,41","208,34","11,42B","-0,09%"
"20/02/2024","209,91","209,81","210,87","209,56","9,93B","0,20%"
"19/02/2024","209,50","210,46","210,71","208,88","11,90B","-0,49%"
"16/02/2024","210,54","210,20","210,88","209,98","11,43B","0,27%"
"15/02/2024","209,98","210,01","211,20","209,45","13,68B","0,90%"
"13/02/2024","208,10","211,19","211,19","207,76","8,57B","-1,36%"
"12/02/2024","210,98","210,51","211,06","209,71","12,89B","0,39%"
"07/02/2024","210,16","211,54","211,75","209,84","7,95B","-0,52%"
"06/02/2024","211,26","210,60","211,76","210,34","11,55B","0,40%"
"05/02/2024","210,42","212,68","212,97","210,30","10,88B","-0,98%"
"02/02/2024","212,50","211,78","212,50","210,79","9,18B","0,37%"
"01/02/2024","211,72","211,75","212,64","210,82","12,42B","0,11%"
"31/01/2024","211,47","211,42","212,62","210,69","12,88B","0,11%"
"30/01/2024","211,25","209,91","211,70","209,55","13,25B","0,66%"
"29/01/2024","209,87","210,63","211,32","208,76","13,12B","-0,28%"
"26/01/2024","210,47","211,47","211,71","209,18","10,98B","-0,64%"
"25/01/2024","211,82","211,86","213,34","211,46","9,76B","0,10%"
"24/01/2024","211,61","212,73","213,46","210,51","9,53B","-0,38%"
"23/01/2024","212,42","212,23","212,65","211,07","8,93B","0,11%"
"22/01/2024","212,18","212,81","212,83","211,02","9,00B","-0,08%"
"19/01/2024","212,35","213,36","213,65","209,76","10,26B","-0,19%"
"18/01/2024","212,75","210,55","212,88","210,12","10,71B","1,06%"
"17/01/2024","210,53","212,90","212,97","209,66","17,22B","-1,07%"
"16/01/2024","212,80","213,10","213,38","212,11","9,70B","0,01%"
"15/01/2024","212,79","212,66","213,47","212,22","9,96B","0,20%"
"12/01/2024","212,38","211,89","212,65","211,20","10,71B","0,21%"
"11/01/2024","211,93","212,15","213,31","211,88","13,00B","0,14%"
"10/01/2024","211,63","210,47","212,46","209,72","9,91B","0,33%"
"09/01/2024","210,93","213,09","213,50","210,36","10,83B","-0,77%"
"08/01/2024","212,57","214,46","215,29","212,28","10,14B","-0,82%"
"05/01/2024","214,34","215,23","215,57","214,30","8,51B","-0,29%"
"04/01/2024","214,95","214,08","215,43","213,79","9,61B","0,50%"
"03/01/2024","213,88","215,12","215,16","213,88","10,79B","-0,52%"
"02/01/2024","214,99","212,88","214,99","212,11","9,25B","1,10%"
"29/12/2023","212,64","213,24","213,37","211,90","9,15B","-0,33%"
"28/12/2023","213,34","212,37","213,81","212,37","9,50B","0,66%"
"27/12/2023","211,94","212,31","213,28","211,50","9,63B","-0,01%"
"26/12/2023","211,95","211,69","212,57","211,35","","0,00%"
"22/12/2023","211,95","211,69","212,57","211,35","7,91B","0,40%"
"21/12/2023","211,12","211,93","212,20","210,18","10,93B","-0,38%"
"20/12/2023","211,91","210,47","212,44","210,37","10,64B","0,83%"
"19/12/2023","210,16","208,65","210,16","208,39","11,86B","0,87%"
"18/12/2023","208,36","209,86","210,32","207,29","20,01B","-0,80%"
"15/12/2023","210,04","209,54","210,85","209,23","15,95B","0,21%"
"14/12/2023","209,60","208,94","210,24","208,40","17,08B","0,83%"
"13/12/2023","207,88","208,91","209,21","206,82","14,10B","-0,68%"
"12/12/2023","209,30","208,53","209,34","207,79","19,10B","0,42%"
"11/12/2023","208,43","211,59","212,05","206,97","43,96B","-1,63%"
"08/12/2023","211,90","209,38","212,15","209,31","21,71B","1,20%"
"07/12/2023","209,38","208,79","209,42","206,69","18,66B","0,28%"
"06/12/2023","208,79","209,63","210,58","208,58","21,67B","-0,40%"
"05/12/2023","209,63","208,83","209,68","207,19","27,18B","0,37%"
"04/12/2023","208,86","208,60","211,01","208,60","25,69B","0,13%"
"01/12/2023","208,59","209,64","209,82","207,18","22,29B","-0,52%"
"30/11/2023","209,68","209,84","210,91","209,33","12,53B","-0,08%"
"29/11/2023","209,84","209,55","211,12","209,15","8,03B","0,14%"
"28/11/2023","209,55","208,21","209,84","208,21","7,37B","0,65%"
"27/11/2023","208,21","207,68","209,15","207,68","7,44B","0,25%"
"24/11/2023","207,68","207,21","208,67","207,08","6,65B","0,23%"
"23/11/2023","207,20","206,24","207,75","206,19","7,23B","0,47%"
"22/11/2023","206,23","208,01","208,30","205,96","7,67B","-0,85%"
"21/11/2023","208,01","208,20","208,47","207,30","6,44B","-0,09%"
"20/11/2023","208,20","208,29","208,98","207,31","6,98B","-0,05%"
"17/11/2023","208,29","207,92","208,38","207,22","5,22B","0,18%"
"16/11/2023","207,91","207,76","208,03","206,49","6,30B","0,08%"
"15/11/2023","207,75","206,66","208,88","206,66","7,57B","0,54%"
"14/11/2023","206,64","206,34","207,96","205,82","6,80B","0,14%"
"13/11/2023","206,35","205,55","206,65","205,43","6,29B","0,39%"
"10/11/2023","205,55","205,00","206,68","204,91","6,75B","0,27%"
"09/11/2023","205,00","205,06","206,18","205,00","7,48B","-0,03%"
"08/11/2023","205,06","206,69","206,71","204,43","8,09B","-0,79%"
"07/11/2023","206,70","208,46","208,49","205,79","11,28B","-0,85%"
"06/11/2023","208,46","206,22","208,46","206,22","7,39B","1,09%"
"03/11/2023","206,22","205,22","206,88","205,01","7,10B","0,49%"
"02/11/2023","205,22","203,60","206,66","203,60","7,81B","0,81%"
"01/11/2023","203,58","207,11","207,75","203,32","10,71B","-1,71%"
"31/10/2023","207,13","206,28","207,13","204,21","8,87B","0,41%"
"30/10/2023","206,28","208,89","209,21","205,69","7,84B","-1,25%"
"27/10/2023","208,89","207,40","209,38","207,38","7,18B","0,72%"
"26/10/2023","207,40","209,71","209,86","206,69","7,66B","-1,11%"
"25/10/2023","209,74","209,79","211,77","209,37","8,12B","-0,02%"
"24/10/2023","209,78","207,57","210,21","207,47","7,04B","1,06%"
"23/10/2023","207,58","211,58","211,86","207,40","8,53B","-1,89%"
"20/10/2023","211,58","212,18","212,26","210,22","8,07B","-0,28%"
"19/10/2023","212,18","214,59","214,63","211,55","8,67B","-1,13%"
"18/10/2023","214,60","214,33","215,23","213,84","9,80B","0,13%"
"17/10/2023","214,33","212,11","214,33","212,11","8,27B","1,05%"
"16/10/2023","212,11","214,03","214,79","211,79","9,67B","-0,89%"
"13/10/2023","214,02","214,04","214,67","213,56","9,12B","-0,01%"
"12/10/2023","214,05","215,35","215,93","214,05","9,68B","-0,60%"
"11/10/2023","215,35","215,63","216,64","215,35","8,37B","-0,13%"
"10/10/2023","215,63","215,32","216,67","215,32","7,84B","0,14%"
"09/10/2023","215,32","214,61","216,01","214,54","8,73B","0,33%"
"06/10/2023","214,61","213,04","215,19","213,04","7,78B","0,74%"
"05/10/2023","213,03","212,84","214,58","212,82","9,44B","0,10%"
"04/10/2023","212,81","216,01","216,09","211,79","10,29B","-1,48%"
"03/10/2023","216,01","217,20","217,64","216,01","10,18B","-0,55%"
"02/10/2023","217,20","216,99","217,71","216,25","10,09B","0,10%"
"29/09/2023","216,99","217,22","218,39","216,99","9,18B","-0,11%"
"27/09/2023","217,22","216,82","217,73","216,46","8,30B","0,19%"
"26/09/2023","216,82","219,49","220,16","216,40","11,18B","-1,23%"
"25/09/2023","219,50","219,76","220,46","219,50","11,07B","-0,11%"
"22/09/2023","219,75","218,32","220,31","218,08","8,81B","0,66%"
"21/09/2023","218,32","218,46","218,78","217,19","7,49B","-0,06%"
"20/09/2023","218,46","218,05","219,54","218,05","8,13B","0,19%"
"19/09/2023","218,05","216,59","218,58","216,59","8,98B","0,68%"
"18/09/2023","216,57","218,27","218,76","216,34","9,14B","-0,78%"
"15/09/2023","218,27","217,52","218,95","216,70","24,02B","0,34%"
"14/09/2023","217,53","216,00","218,12","216,00","11,49B","0,71%"
"13/09/2023","216,01","215,43","216,29","214,75","10,52B","0,27%"
"12/09/2023","215,43","215,86","216,32","215,09","9,43B","-0,20%"
"11/09/2023","215,86","214,65","215,94","213,54","8,14B","0,56%"
"08/09/2023","214,65","214,91","215,57","214,19","8,44B","-0,12%"
"07/09/2023","214,91","216,07","216,45","214,18","8,76B","-0,53%"
"06/09/2023","216,06","214,94","216,73","214,94","9,77B","0,52%"
"05/09/2023","214,94","214,92","215,70","214,24","13,18B","0,01%"
"04/09/2023","214,92","214,05","215,46","214,05","10,54B","0,41%"
"01/09/2023","214,04","212,99","214,29","212,86","9,35B","0,49%"
"31/08/2023","212,99","214,52","214,91","212,69","11,55B","-0,72%"
"30/08/2023","214,52","213,99","215,52","213,99","10,05B","0,26%"
"29/08/2023","213,96","213,08","214,39","213,08","13,29B","0,42%"
"28/08/2023","213,08","211,51","213,51","211,51","12,46B","0,75%"
"25/08/2023","211,49","211,87","212,21","210,70","7,43B","-0,18%"
"24/08/2023","211,87","212,61","212,98","211,87","8,93B","-0,35%"
"23/08/2023","212,61","211,57","213,79","211,57","9,87B","0,49%"
"22/08/2023","211,57","210,06","211,90","210,06","10,22B","0,72%"
"21/08/2023","210,06","208,87","210,44","208,87","13,71B","0,58%"
"18/08/2023","208,86","210,46","210,46","208,49","7,75B","-0,78%"
"16/08/2023","210,50","210,70","210,70","209,18","8,40B","-0,09%"
"15/08/2023","210,70","209,68","210,89","209,52","9,60B","0,49%"
"14/08/2023","209,66","208,27","209,66","206,95","8,76B","0,67%"
"11/08/2023","208,27","208,11","208,50","207,28","7,02B","0,08%"
"10/08/2023","208,11","207,54","208,50","207,28","8,29B","0,27%"
"09/08/2023","207,54","207,18","208,12","207,12","9,77B","0,18%"
"08/08/2023","207,18","206,99","208,11","206,93","10,50B","0,10%"
"07/08/2023","206,98","206,94","207,56","206,35","8,90B","0,02%"
"04/08/2023","206,94","207,83","209,18","206,79","8,18B","-0,43%"
"03/08/2023","207,82","206,70","208,73","206,33","11,74B","0,55%"
"02/08/2023","206,70","208,29","208,29","206,07","12,58B","-0,77%"
"01/08/2023","208,29","210,34","210,36","207,82","13,86B","-0,98%"
"31/07/2023","210,35","208,63","210,35","208,63","10,21B","0,83%"
"28/07/2023","208,63","208,60","208,83","207,17","9,01B","0,02%"
"27/07/2023","208,60","210,12","210,27","208,56","10,11B","-0,72%"
"26/07/2023","210,12","209,28","211,02","209,12","9,08B","0,40%"
"25/07/2023","209,28","209,05","210,19","208,79","8,47B","0,07%"
"24/07/2023","209,14","207,23","209,72","207,23","8,03B","0,92%"
"21/07/2023","207,23","206,53","207,23","205,85","7,18B","0,34%"
"20/07/2023","206,53","205,75","206,79","205,71","8,12B","0,37%"
"18/07/2023","205,76","206,91","207,90","204,65","6,59B","-0,55%"
"17/07/2023","206,91","207,73","209,56","206,91","7,52B","-0,39%"
"14/07/2023","207,72","206,08","208,27","206,08","7,84B","0,80%"
"13/07/2023","206,08","205,73","206,69","205,04","8,84B","0,17%"
"12/07/2023","205,72","206,25","206,59","205,31","9,20B","-0,25%"
"11/07/2023","206,25","203,35","206,25","203,35","8,84B","1,43%"
"10/07/2023","203,34","202,93","203,97","202,93","7,37B","0,20%"
"07/07/2023","202,93","203,16","203,16","202,40","9,48B","-0,12%"
"06/07/2023","203,18","201,66","203,44","201,66","11,20B","0,73%"
"05/07/2023","201,70","200,01","201,70","199,98","8,23B","0,84%"
"04/07/2023","200,01","199,83","200,19","199,60","7,33B","0,10%"
"03/07/2023","199,82","198,85","199,96","198,85","6,83B","0,49%"
"27/06/2023","198,85","199,52","199,75","198,62","6,61B","-0,34%"
"26/06/2023","199,52","199,31","199,79","198,72","6,13B","0,11%"
"23/06/2023","199,31","198,98","199,63","198,85","6,29B","0,16%"
"22/06/2023","198,98","200,28","200,95","198,98","9,91B","-0,65%"
"21/06/2023","200,27","198,86","200,30","198,29","7,10B","0,71%"
"20/06/2023","198,86","200,43","200,64","198,17","5,97B","-0,78%"
"19/06/2023","200,43","200,80","201,16","200,06","7,87B","-0,19%"
"16/06/2023","200,80","201,67","202,38","200,80","8,99B","-0,44%"
"15/06/2023","201,69","200,87","201,91","199,62","8,57B","0,41%"
"14/06/2023","200,87","200,45","201,31","199,68","10,70B","0,20%"
"13/06/2023","200,46","201,20","201,69","200,29","8,61B","-0,37%"
"12/06/2023","201,20","199,70","201,20","199,06","8,02B","0,77%"
"09/06/2023","199,66","198,76","199,99","198,52","7,20B","0,45%"
"08/06/2023","198,78","198,27","198,91","197,76","7,58B","0,26%"
"07/06/2023","198,27","197,40","198,38","196,55","8,78B","0,44%"
"06/06/2023","197,40","197,57","199,61","197,40","9,29B","-0,09%"
"05/06/2023","197,57","195,18","198,32","195,18","8,70B","1,23%"
"31/05/2023","195,18","198,26","198,26","195,18","8,83B","-1,55%"
"30/05/2023","198,26","200,74","200,96","198,26","6,72B","-1,23%"
"29/05/2023","200,74","200,93","201,31","198,79","6,53B","-0,09%"
"26/05/2023","200,91","201,64","202,27","200,65","7,95B","-0,37%"
"25/05/2023","201,64","203,17","203,34","201,64","6,87B","-0,75%"
"24/05/2023","203,17","202,61","203,26","201,84","6,14B","0,27%"
"23/05/2023","202,61","202,76","203,25","202,13","7,23B","-0,07%"
"22/05/2023","202,76","202,33","203,39","202,08","7,96B","0,21%"
"19/05/2023","202,33","203,34","203,43","202,04","7,81B","-0,50%"
"17/05/2023","203,34","204,30","204,43","202,85","7,87B","-0,47%"
"16/05/2023","204,31","205,14","205,51","203,70","6,89B","-0,41%"
"15/05/2023","205,14","205,38","205,68","203,62","6,41B","-0,09%"
"12/05/2023","205,32","206,86","206,86","205,19","6,13B","-0,74%"
"11/05/2023","206,86","209,02","209,02","206,11","6,50B","-1,03%"
"10/05/2023","209,02","208,95","209,88","208,40","7,30B","0,05%"
"09/05/2023","208,92","208,63","209,32","207,99","8,10B","0,14%"
"08/05/2023","208,63","207,68","209,11","207,33","7,23B","0,45%"
"05/05/2023","207,69","209,48","209,48","206,14","6,37B","-0,85%"
"04/05/2023","209,48","208,93","209,78","208,10","6,48B","0,27%"
"03/05/2023","208,93","210,49","210,49","208,08","6,59B","-0,74%"
"02/05/2023","210,49","213,64","213,64","209,57","7,07B","-1,48%"
"28/04/2023","213,64","214,78","214,78","212,55","6,02B","-0,53%"
"27/04/2023","214,78","213,55","215,87","212,95","6,20B","0,60%"
"26/04/2023","213,50","210,83","213,50","210,82","5,56B","1,26%"
"18/04/2023","210,83","209,82","211,23","209,69","4,54B","0,48%"
"17/04/2023","209,82","209,96","210,36","208,93","4,65B","-0,06%"
"14/04/2023","209,95","209,87","210,93","209,86","5,99B","0,05%"
"13/04/2023","209,85","210,47","210,93","209,32","6,92B","-0,31%"
"12/04/2023","210,50","211,58","211,87","210,08","7,12B","-0,51%"
"11/04/2023","211,57","210,63","211,57","209,42","6,78B","0,45%"
"10/04/2023","210,63","210,87","211,35","209,51","5,66B","-0,11%"
"06/04/2023","210,87","211,32","212,19","210,87","6,32B","-0,22%"
"05/04/2023","211,32","211,72","212,46","211,10","6,34B","-0,19%"
"04/04/2023","211,72","210,96","212,26","210,24","7,09B","0,36%"
"03/04/2023","210,97","211,27","212,00","210,38","6,53B","-0,14%"
"31/03/2023","211,27","211,52","212,10","210,53","6,07B","-0,11%"
"30/03/2023","211,51","211,71","212,85","211,07","6,73B","-0,10%"
"29/03/2023","211,71","209,24","212,22","209,24","6,89B","1,18%"
"28/03/2023","209,24","206,72","209,25","206,72","6,70B","1,22%"
"27/03/2023","206,72","206,87","207,99","206,43","7,84B","-0,07%"
"24/03/2023","206,87","205,71","207,60","205,71","7,38B","0,65%"
"21/03/2023","205,53","203,92","205,53","203,83","6,55B","0,79%"
"20/03/2023","203,92","205,96","205,96","203,00","6,59B","-0,99%"
"17/03/2023","205,96","201,95","205,96","201,95","6,83B","1,99%"
"16/03/2023","201,95","204,27","204,32","201,32","7,11B","-1,14%"
"15/03/2023","204,27","205,25","206,64","204,27","7,08B","-0,48%"
"14/03/2023","205,25","208,54","208,57","205,25","7,93B","-1,59%"
"13/03/2023","208,56","207,67","209,26","206,83","5,74B","0,42%"
"10/03/2023","207,69","208,04","208,04","206,44","6,04B","-0,17%"
"09/03/2023","208,04","207,50","208,54","207,50","6,09B","0,26%"
"08/03/2023","207,50","207,87","207,88","206,42","6,02B","-0,18%"
"07/03/2023","207,87","209,74","209,96","207,64","5,81B","-0,90%"
"06/03/2023","209,75","210,63","211,41","208,87","5,82B","-0,41%"
"03/03/2023","210,61","211,16","212,41","210,20","6,25B","-0,26%"
"02/03/2023","211,16","211,49","211,80","211,13","7,16B","-0,15%"
"01/03/2023","211,48","212,26","213,31","211,14","5,82B","-0,37%"
"28/02/2023","212,27","211,83","213,16","211,83","7,62B","0,21%"
"27/02/2023","211,83","212,68","212,89","210,95","6,85B","-0,40%"
"24/02/2023","212,68","212,21","212,99","211,74","5,90B","0,22%"
"23/02/2023","212,21","210,68","212,21","210,55","6,05B","0,73%"
"22/02/2023","210,67","211,99","212,31","209,53","6,03B","-0,63%"
"21/02/2023","212,00","211,99","213,26","211,91","7,00B","0,00%"
"20/02/2023","211,99","211,63","211,99","210,72","6,35B","0,17%"
"17/02/2023","211,62","212,49","212,51","210,96","6,12B","-0,41%"
"16/02/2023","212,49","213,01","213,37","211,44","7,18B","-0,24%"
"15/02/2023","213,01","213,43","213,89","212,18","7,68B","-0,20%"
"14/02/2023","213,43","212,26","213,43","212,26","8,25B","0,55%"
"13/02/2023","212,26","212,24","213,19","211,82","6,89B","0,01%"
"10/02/2023","212,24","212,53","212,53","210,41","8,15B","-0,21%"
"09/02/2023","212,68","213,98","213,98","212,68","7,56B","-0,61%"
"08/02/2023","213,98","213,78","214,98","213,16","8,77B","0,09%"
"07/02/2023","213,78","211,75","214,05","211,75","9,12B","0,96%"
"06/02/2023","211,75","212,73","212,99","210,77","6,77B","-0,46%"
"03/02/2023","212,73","214,19","214,58","211,96","7,90B","-0,68%"
"02/02/2023","214,18","213,19","214,38","213,10","6,79B","0,46%"
"01/02/2023","213,19","212,61","214,11","212,61","7,47B","0,26%"
"31/01/2023","212,64","213,79","213,88","212,32","6,88B","-0,54%"
"30/01/2023","213,79","213,82","215,13","212,68","6,50B","-0,02%"
"27/01/2023","213,82","213,79","215,24","213,48","7,38B","0,02%"
"26/01/2023","213,79","215,15","215,27","213,45","7,96B","-0,63%"
"25/01/2023","215,15","216,28","216,51","214,58","7,54B","-0,52%"
"24/01/2023","216,28","217,57","218,80","215,48","7,43B","-0,59%"
"20/01/2023","217,57","215,14","218,10","215,00","7,79B","1,13%"
"19/01/2023","215,14","213,82","215,17","213,19","7,98B","0,62%"
"18/01/2023","213,82","213,34","214,13","212,25","8,98B","0,22%"
"17/01/2023","213,35","212,85","214,10","212,48","8,39B","0,24%"
"16/01/2023","212,85","212,14","212,85","211,53","6,92B","0,33%"
"13/01/2023","212,14","211,96","213,20","211,08","5,12B","0,09%"
"12/01/2023","211,96","212,66","212,79","211,37","7,02B","-0,33%"
"11/01/2023","212,66","212,62","213,12","211,39","6,74B","0,02%"
"10/01/2023","212,62","212,74","212,80","210,79","7,03B","-0,06%"
"09/01/2023","212,74","212,57","214,39","210,99","6,63B","0,08%"
"06/01/2023","212,57","210,75","213,83","209,81","6,02B","0,86%"
"05/01/2023","210,75","215,76","215,77","209,99","9,01B","-2,32%"
"04/01/2023","215,76","218,60","219,14","215,76","6,47B","-1,30%"
"03/01/2023","218,60","217,18","218,90","216,97","8,07B","0,65%"
"02/01/2023","217,18","217,73","218,26","216,83","5,25B","-0,25%"
"30/12/2022","217,73","217,78","218,64","216,34","5,96B","-0,02%"
"29/12/2022","217,78","218,38","219,49","215,72","6,36B","-0,27%"
"28/12/2022","218,38","222,00","224,00","217,74","5,67B","-1,63%"
"27/12/2022","222,00","217,68","223,43","217,67","5,40B","1,98%"
"26/12/2022","217,68","215,12","219,09","214,95","6,26B","1,19%"
"23/12/2022","215,12","214,80","215,25","213,17","6,75B","0,14%"
"22/12/2022","214,81","215,02","215,70","213,75","6,71B","-0,10%"
"21/12/2022","215,02","211,54","215,02","211,29","6,87B","1,65%"
"20/12/2022","211,54","209,55","212,19","207,65","6,50B","0,95%"
"19/12/2022","209,55","209,95","210,41","208,65","6,80B","-0,19%"
"16/12/2022","209,95","207,47","209,95","206,15","7,45B","1,20%"
"15/12/2022","207,47","208,78","208,79","207,27","5,81B","-0,63%"
"14/12/2022","208,78","208,07","209,64","208,07","6,85B","0,35%"
"13/12/2022","208,06","207,94","209,54","207,60","7,38B","0,06%"
"12/12/2022","207,94","206,79","207,94","204,36","8,01B","0,55%"
"09/12/2022","206,79","210,50","210,50","206,37","5,93B","-1,76%"
"08/12/2022","210,50","210,63","210,85","205,98","8,81B","-0,06%"
"07/12/2022","210,63","209,90","211,14","208,66","9,18B","0,35%"
"06/12/2022","209,90","211,88","214,25","209,08","7,97B","-0,93%"
"05/12/2022","211,87","211,14","214,13","210,95","7,31B","0,35%"
"02/12/2022","211,14","208,92","211,14","208,16","7,18B","1,06%"
"01/12/2022","208,92","209,00","209,97","208,73","8,40B","-0,04%"
"30/11/2022","209,01","208,28","209,27","208,08","10,40B","0,35%"
"29/11/2022","208,27","207,29","208,27","207,02","7,34B","0,47%"
"28/11/2022","207,30","208,21","208,56","207,01","8,86B","-0,44%"
"25/11/2022","208,22","209,03","209,06","206,75","8,41B","-0,39%"
"24/11/2022","209,03","208,37","209,54","208,32","7,85B","0,32%"
"23/11/2022","208,37","207,45","209,38","207,45","6,31B","0,44%"
"22/11/2022","207,44","208,06","209,64","207,44","8,36B","-0,29%"
"21/11/2022","208,06","206,58","208,49","206,57","6,76B","0,72%"
"18/11/2022","206,58","205,97","206,99","205,71","6,96B","0,30%"
"17/11/2022","205,97","205,49","205,97","203,58","7,08B","0,23%"
"16/11/2022","205,49","206,45","206,83","204,31","7,37B","-0,46%"
"15/11/2022","206,45","206,05","206,89","205,49","7,64B","0,20%"
"14/11/2022","206,05","207,07","207,71","205,72","8,60B","-0,49%"
"11/11/2022","207,07","205,14","207,26","205,14","9,31B","0,95%"
"10/11/2022","205,13","207,58","207,58","204,74","8,34B","-1,18%"
"09/11/2022","207,58","207,98","208,63","206,97","8,99B","-0,20%"
"08/11/2022","207,99","209,29","209,71","207,67","6,83B","-0,62%"
"07/11/2022","209,29","207,41","209,29","206,97","7,78B","0,91%"
"04/11/2022","207,41","206,21","207,41","204,99","7,09B","0,58%"
"03/11/2022","206,21","206,23","206,73","204,97","6,79B","-0,01%"
"02/11/2022","206,23","206,66","207,96","205,46","6,94B","-0,21%"
"01/11/2022","206,66","207,73","208,39","206,18","7,76B","-0,51%"
"31/10/2022","207,73","206,81","207,92","206,48","8,01B","0,45%"
"28/10/2022","206,81","207,78","208,16","205,65","8,43B","-0,47%"
"27/10/2022","207,78","207,10","208,98","207,10","9,22B","0,33%"
"26/10/2022","207,10","204,94","207,18","204,92","8,10B","1,05%"
"25/10/2022","204,94","205,70","206,94","204,66","8,27B","-0,37%"
"24/10/2022","205,69","205,17","206,76","205,14","8,28B","0,26%"
"21/10/2022","205,16","205,46","206,01","204,89","7,94B","-0,14%"
"20/10/2022","205,45","202,46","205,45","202,41","9,15B","1,48%"
"19/10/2022","202,46","201,18","202,70","200,37","7,87B","0,64%"
"18/10/2022","201,18","201,88","202,85","200,65","8,51B","-0,35%"
"17/10/2022","201,88","201,77","201,88","199,28","8,62B","0,05%"
"14/10/2022","201,77","202,95","204,13","201,77","7,22B","-0,58%"
"13/10/2022","202,95","203,63","204,02","202,95","6,96B","-0,34%"
"12/10/2022","203,63","203,91","206,31","201,97","7,97B","-0,14%"
"11/10/2022","203,91","204,60","204,82","203,80","7,49B","-0,33%"
"10/10/2022","204,60","205,87","205,87","203,49","7,72B","-0,62%"
"07/10/2022","205,88","206,37","206,43","205,12","9,76B","-0,24%"
"06/10/2022","206,37","206,52","208,02","206,18","8,09B","-0,07%"
"05/10/2022","206,52","205,79","207,69","205,63","10,01B","0,36%"
"04/10/2022","205,78","203,75","206,03","203,75","8,85B","1,00%"
"03/10/2022","203,74","204,10","204,14","203,09","7,40B","-0,18%"
"30/09/2022","204,10","204,40","204,40","201,33","9,29B","-0,15%"
"29/09/2022","204,40","205,22","206,99","204,18","9,19B","-0,40%"
"28/09/2022","205,22","207,25","207,25","205,22","8,42B","-0,98%"
"27/09/2022","207,25","207,50","207,90","206,11","7,90B","-0,12%"
"26/09/2022","207,50","210,08","210,08","205,87","9,48B","-1,23%"
"23/09/2022","210,09","211,26","211,26","209,88","9,51B","-0,55%"
"22/09/2022","211,25","209,53","211,32","208,35","10,17B","0,82%"
"21/09/2022","209,54","210,05","210,17","208,40","9,94B","-0,25%"
"20/09/2022","210,06","210,77","211,54","209,60","10,87B","-0,34%"
"19/09/2022","210,76","211,13","211,83","209,26","10,13B","-0,17%"
"16/09/2022","211,13","212,27","212,38","209,51","13,70B","-0,54%"
"15/09/2022","212,27","211,87","214,05","211,87","11,57B","0,20%"
"14/09/2022","211,86","213,02","213,02","210,31","11,01B","-0,55%"
"13/09/2022","213,03","212,33","213,62","212,33","12,17B","0,33%"
"12/09/2022","212,33","211,47","212,41","211,26","14,09B","0,41%"
"09/09/2022","211,47","211,23","211,97","210,40","9,46B","0,11%"
"08/09/2022","211,23","210,63","212,21","210,62","10,42B","0,28%"
"07/09/2022","210,63","211,51","211,85","209,88","12,87B","-0,41%"
"06/09/2022","211,51","210,63","212,40","210,63","14,39B","0,42%"
"05/09/2022","210,63","209,46","211,03","208,43","10,58B","0,56%"
"02/09/2022","209,46","208,34","209,59","208,18","10,01B","0,54%"
"01/09/2022","208,34","208,63","209,69","208,02","10,04B","-0,14%"
"31/08/2022","208,63","208,37","208,63","206,36","11,73B","0,13%"
"30/08/2022","208,37","207,82","209,97","207,82","11,98B","0,26%"
"29/08/2022","207,82","207,97","207,97","204,84","11,85B","-0,08%"
"26/08/2022","207,98","208,51","209,27","207,88","11,94B","-0,25%"
"25/08/2022","208,51","209,62","210,03","208,21","10,28B","-0,53%"
"24/08/2022","209,62","208,55","209,87","208,31","8,75B","0,51%"
"23/08/2022","208,55","206,26","208,94","206,18","12,81B","1,11%"
"22/08/2022","206,26","208,48","208,62","205,68","10,60B","-1,06%"
"19/08/2022","208,48","208,38","209,74","208,38","9,37B","0,05%"
"18/08/2022","208,38","207,56","208,38","207,17","10,26B","0,39%"
"16/08/2022","207,56","208,48","209,59","207,09","10,87B","-0,44%"
"15/08/2022","208,48","210,01","210,69","208,24","11,87B","-0,73%"
"12/08/2022","210,01","210,57","211,13","209,54","9,61B","-0,27%"
"11/08/2022","210,57","209,07","211,34","209,07","11,00B","0,72%"
"10/08/2022","209,06","209,42","209,70","207,55","9,14B","-0,17%"
"09/08/2022","209,42","209,64","210,64","209,42","11,56B","-0,10%"
"08/08/2022","209,64","208,57","209,64","207,98","11,16B","0,51%"
"05/08/2022","208,57","207,97","208,74","207,51","8,63B","0,29%"
"04/08/2022","207,97","207,92","208,38","207,12","9,91B","0,02%"
"03/08/2022","207,92","206,65","207,93","205,97","11,98B","0,61%"
"02/08/2022","206,65","207,34","207,70","204,87","9,56B","-0,33%"
"01/08/2022","207,34","205,84","207,40","205,79","11,18B","0,73%"
"29/07/2022","205,84","206,52","208,40","205,42","10,59B","-0,33%"
"28/07/2022","206,52","204,95","207,08","204,95","12,68B","0,77%"
"27/07/2022","204,94","203,82","204,94","203,72","11,14B","0,55%"
"26/07/2022","203,83","204,56","204,90","203,26","14,06B","-0,36%"
"25/07/2022","204,55","204,77","205,57","204,09","8,82B","-0,10%"
"22/07/2022","204,77","203,45","205,00","203,32","7,84B","0,65%"
"21/07/2022","203,45","203,43","204,12","202,34","7,39B","0,01%"
"20/07/2022","203,43","201,50","204,02","201,50","7,74B","0,96%"
"19/07/2022","201,49","197,83","201,49","197,66","6,63B","1,85%"
"18/07/2022","197,83","197,34","198,49","196,28","6,31B","0,25%"
"15/07/2022","197,33","198,57","198,79","197,08","5,22B","-0,63%"
"14/07/2022","198,57","197,30","198,57","195,84","5,71B","0,65%"
"13/07/2022","197,30","198,38","199,17","197,12","7,92B","-0,54%"
"12/07/2022","198,38","197,78","198,97","197,46","6,89B","0,31%"
"11/07/2022","197,78","197,05","198,06","196,33","5,56B","0,36%"
"08/07/2022","197,07","195,52","197,25","195,52","5,69B","0,79%"
"07/07/2022","195,51","194,89","195,68","194,29","7,18B","0,32%"
"06/07/2022","194,89","196,99","197,21","193,69","6,49B","-1,07%"
"05/07/2022","196,99","194,17","198,24","194,17","6,86B","1,45%"
"04/07/2022","194,17","197,15","197,28","191,37","8,53B","-1,51%"
"01/07/2022","197,14","200,39","201,37","196,72","7,28B","-1,62%"
"30/06/2022","200,39","201,89","203,29","199,48","8,87B","-0,74%"
"29/06/2022","201,89","203,11","203,74","201,89","7,74B","-0,60%"
"28/06/2022","203,11","203,31","203,86","202,41","8,02B","-0,10%"
"27/06/2022","203,30","203,53","204,00","202,15","9,26B","-0,11%"
"24/06/2022","203,53","202,27","203,90","202,24","11,09B","0,62%"
"23/06/2022","202,27","201,66","202,44","199,73","10,47B","0,30%"
"22/06/2022","201,66","203,12","203,68","201,48","10,29B","-0,72%"
"21/06/2022","203,12","200,38","203,22","200,38","10,98B","1,37%"
"20/06/2022","200,38","200,27","200,50","198,29","11,44B","0,05%"
"17/06/2022","200,27","201,62","201,68","198,38","14,00B","-1,13%"
"16/06/2022","202,57","201,94","204,10","201,94","13,37B","0,99%"
"15/06/2022","200,58","202,35","202,71","199,17","14,96B","-1,02%"
"14/06/2022","202,65","200,90","202,65","199,60","11,91B","0,52%"
"13/06/2022","201,60","203,79","203,80","199,80","13,77B","-2,04%"
"10/06/2022","205,80","206,82","207,67","204,98","11,31B","-0,80%"
"09/06/2022","207,45","208,32","209,48","207,45","10,90B","-0,39%"
"08/06/2022","208,27","208,17","209,05","207,67","10,22B","-0,04%"
"07/06/2022","208,36","208,89","209,70","208,36","11,09B","-0,19%"
"06/06/2022","208,76","209,02","210,27","207,32","14,32B","-0,26%"
"03/06/2022","209,31","209,27","210,32","208,74","14,58B","0,28%"
"02/06/2022","208,72","209,75","210,07","207,85","10,65B","-0,17%"
"31/05/2022","209,07","206,75","209,18","206,20","15,74B","1,45%"
"30/05/2022","206,09","206,01","206,37","204,81","10,38B","0,44%"
"27/05/2022","205,19","203,31","206,04","203,26","8,52B","1,41%"
"25/05/2022","202,34","203,39","204,13","201,57","7,81B","-0,43%"
"24/05/2022","203,22","202,31","203,67","202,11","10,14B","0,78%"
"23/05/2022","201,64","203,35","203,95","200,80","7,54B","-0,56%"
"20/05/2022","202,77","200,45","203,24","200,45","8,66B","1,44%"
"19/05/2022","199,90","200,30","200,50","197,66","9,86B","-0,95%"
"18/05/2022","201,83","201,05","202,39","200,33","8,72B","0,54%"
"17/05/2022","200,75","199,59","201,40","199,55","9,17B","0,43%"
"13/05/2022","199,90","197,48","200,71","196,40","10,21B","1,00%"
"12/05/2022","197,91","203,41","203,43","197,22","11,01B","-2,84%"
"11/05/2022","203,69","201,79","205,34","201,74","","1,09%"
"10/05/2022","201,50","200,09","202,21","196,26","10,72B","-0,41%"
"09/05/2022","202,33","208,05","208,19","201,69","10,16B","-2,81%"
"28/04/2022","208,18","207,56","209,05","207,09","9,20B","0,90%"
"27/04/2022","206,34","204,88","206,70","204,75","10,73B","0,55%"
"26/04/2022","205,21","204,07","205,26","203,43","10,33B","0,59%"
"25/04/2022","204,01","204,05","204,21","201,62","12,05B","-0,30%"
"22/04/2022","204,61","206,38","206,61","203,73","10,46B","-0,92%"
"21/04/2022","206,51","206,23","207,69","206,10","9,65B","0,25%"
"20/04/2022","205,99","206,83","207,58","205,38","11,93B","-0,19%"
"19/04/2022","206,39","207,02","208,19","206,19","12,77B","-0,16%"
"18/04/2022","206,72","205,68","207,20","205,68","12,34B","0,60%"
"14/04/2022","205,48","205,76","206,42","204,85","16,28B","-0,04%"
"13/04/2022","205,56","204,40","205,56","204,30","14,85B","1,01%"
"12/04/2022","203,50","203,61","204,05","201,72","16,71B","-0,04%"
"11/04/2022","203,59","206,63","207,22","203,03","22,08B","-1,39%"
"08/04/2022","206,46","204,35","206,70","204,35","12,13B","1,26%"
"07/04/2022","203,89","203,63","204,40","203,04","12,37B","0,17%"
"06/04/2022","203,55","203,49","204,40","202,93","11,02B","-0,05%"
"05/04/2022","203,65","202,40","203,66","202,28","9,52B","0,70%"
"04/04/2022","202,23","200,45","202,23","200,39","9,37B","0,98%"
"01/04/2022","200,27","200,03","200,68","199,69","8,67B","0,18%"
"31/03/2022","199,91","200,14","200,98","199,61","10,04B","0,10%"
"30/03/2022","199,71","199,06","199,84","198,74","12,58B","0,63%"
"29/03/2022","198,45","199,58","200,20","198,40","11,43B","-0,48%"
"28/03/2022","199,42","197,91","199,58","197,75","10,44B","0,78%"
"25/03/2022","197,88","199,40","199,56","197,17","10,54B","-0,78%"
"24/03/2022","199,43","198,14","199,43","197,78","15,46B","0,82%"
"23/03/2022","197,80","197,69","198,29","197,30","10,93B","0,20%"
"22/03/2022","197,40","195,44","197,40","195,43","9,45B","1,13%"
"21/03/2022","195,20","195,32","195,54","194,35","9,95B","0,11%"
"18/03/2022","194,98","194,92","195,54","193,46","12,64B","0,21%"
"17/03/2022","194,57","194,90","195,76","193,82","12,92B","-0,04%"
"16/03/2022","194,65","193,48","194,65","193,15","10,52B","0,89%"
"15/03/2022","192,93","195,52","196,23","192,23","11,61B","-1,37%"
"14/03/2022","195,60","196,51","197,38","194,23","11,94B","-0,28%"
"11/03/2022","196,15","194,68","196,15","194,10","9,55B","0,51%"
"10/03/2022","195,16","193,79","195,16","191,89","11,51B","0,97%"
"09/03/2022","193,28","192,28","193,78","192,02","12,95B","0,34%"
"08/03/2022","192,63","196,19","196,51","192,27","14,74B","-1,36%"
"07/03/2022","195,29","195,61","196,08","193,84","13,28B","0,08%"
"04/03/2022","195,13","193,80","195,13","193,28","11,08B","1,40%"
"02/03/2022","192,44","194,31","195,04","192,03","10,32B","-0,55%"
"01/03/2022","193,50","194,27","195,39","193,16","10,85B","0,62%"
"25/02/2022","192,32","191,22","193,10","191,19","13,02B","0,70%"
"24/02/2022","190,97","193,44","194,07","188,94","16,72B","-1,50%"
"23/02/2022","193,88","193,02","193,88","192,45","12,40B","0,50%"
"22/02/2022","192,91","193,98","194,32","191,45","11,69B","-0,71%"
"21/02/2022","194,28","194,32","195,49","193,83","12,97B","-0,08%"
"18/02/2022","194,44","192,94","194,94","192,54","12,69B","0,76%"
"17/02/2022","192,97","193,58","194,35","192,07","10,68B","-0,26%"
"16/02/2022","193,47","193,08","194,09","193,03","12,12B","0,44%"
"15/02/2022","192,63","191,54","192,63","191,28","9,40B","0,60%"
"14/02/2022","191,47","192,96","193,16","190,45","11,31B","-1,18%"
"11/02/2022","193,77","195,04","195,30","193,09","10,28B","-0,55%"
"10/02/2022","194,84","194,43","195,56","194,15","14,30B","0,66%"
"09/02/2022","193,56","193,22","193,60","192,75","13,39B","0,44%"
"08/02/2022","192,71","194,30","194,94","192,58","12,25B","-0,83%"
"07/02/2022","194,32","192,39","194,56","192,38","11,68B","1,09%"
"04/02/2022","192,23","190,71","192,23","190,31","7,81B","0,99%"
"03/02/2022","190,34","190,98","191,31","189,10","10,38B","-0,27%"
"02/02/2022","190,85","189,12","191,11","189,12","10,94B","0,91%"
"31/01/2022","189,12","188,37","189,32","188,29","10,44B","0,40%"
"28/01/2022","188,36","187,53","188,67","187,34","12,03B","0,42%"
"27/01/2022","187,57","188,16","188,59","186,92","9,56B","-0,39%"
"26/01/2022","188,31","187,03","188,31","186,67","13,38B","1,00%"
"25/01/2022","186,45","188,04","188,09","185,52","11,87B","-0,93%"
"24/01/2022","188,21","189,34","189,65","187,90","9,00B","-0,82%"
"21/01/2022","189,77","186,72","189,77","186,36","10,64B","1,66%"
"20/01/2022","186,66","185,84","187,22","185,70","8,29B","0,68%"
"19/01/2022","185,41","185,36","185,77","184,56","9,92B","0,03%"
"18/01/2022","185,35","186,51","187,08","183,48","9,96B","-0,48%"
"17/01/2022","186,25","188,29","188,63","185,73","8,15B","-0,95%"
"14/01/2022","188,03","187,35","188,21","186,74","8,42B","0,28%"
"13/01/2022","187,51","187,72","187,96","186,60","10,81B","0,17%"
"12/01/2022","187,19","187,26","188,51","186,61","11,15B","0,29%"
"11/01/2022","186,65","189,33","189,82","186,51","11,59B","-1,23%"
"10/01/2022","188,97","190,29","190,62","188,97","8,70B","-0,56%"
"07/01/2022","190,04","189,00","190,38","188,37","7,36B","0,65%"
"06/01/2022","188,80","189,47","189,68","187,13","9,47B","-0,29%"
"05/01/2022","189,36","191,38","191,96","189,00","9,88B","-0,97%"
"04/01/2022","191,21","190,95","191,71","190,82","10,73B","0,24%"
"03/01/2022","190,76","188,90","191,15","188,89","10,77B","0,92%"
"30/12/2021","189,02","189,65","189,97","188,75","11,65B","-0,28%"
"29/12/2021","189,54","189,42","190,14","189,06","12,00B","0,18%"
"28/12/2021","189,21","188,98","189,98","188,97","10,57B","0,25%"
"27/12/2021","188,74","188,35","188,90","188,21","10,76B","0,40%"
"24/12/2021","187,98","187,32","188,33","187,30","9,33B","0,42%"
"23/12/2021","187,20","186,57","187,52","186,43","12,54B","0,39%"
"22/12/2021","186,48","187,66","188,17","186,48","9,77B","-0,44%"
"21/12/2021","187,30","186,56","187,66","186,16","11,29B","0,51%"
"20/12/2021","186,36","187,40","187,50","185,99","10,40B","-0,79%"
"17/12/2021","187,84","187,24","187,84","186,60","10,29B","0,00%"
"16/12/2021","187,84","189,38","190,23","187,30","10,17B","-0,54%"
"15/12/2021","188,86","189,17","189,78","188,62","11,48B","-0,25%"
"14/12/2021","189,33","190,46","190,68","188,71","9,80B","-0,42%"
"13/12/2021","190,13","190,15","190,83","190,06","10,34B","0,09%"
"10/12/2021","189,96","188,28","189,96","187,92","10,86B","0,62%"
"09/12/2021","188,79","187,68","188,79","187,31","13,25B","0,75%"
"08/12/2021","187,39","187,71","188,29","186,98","10,72B","-0,09%"
"07/12/2021","187,56","187,22","187,65","186,74","8,38B","0,30%"
"06/12/2021","186,99","186,71","187,83","185,83","9,92B","0,21%"
"03/12/2021","186,60","187,32","187,91","186,40","7,61B","-0,45%"
"02/12/2021","187,44","186,07","187,65","185,41","8,75B","0,90%"
"01/12/2021","185,76","187,04","188,23","185,47","11,45B","-0,41%"
"30/11/2021","186,52","188,33","189,25","186,52","10,57B","-0,84%"
"29/11/2021","188,10","187,23","188,29","185,54","","0,29%"
"26/11/2021","187,55","190,95","191,00","186,78","13,16B","-1,81%"
"25/11/2021","191,00","191,13","192,66","190,84","11,51B","0,33%"
"24/11/2021","190,37","190,87","191,02","190,14","10,09B","-0,01%"
"23/11/2021","190,39","191,04","191,62","189,82","10,11B","-0,23%"
"22/11/2021","190,82","191,10","191,76","189,90","12,34B","-0,07%"
"19/11/2021","190,95","187,98","190,95","187,98","11,34B","1,77%"
"18/11/2021","187,63","187,95","188,40","187,14","13,28B","-0,14%"
"17/11/2021","187,89","188,40","188,76","187,48","8,77B","-0,09%"
"16/11/2021","188,05","186,82","188,24","186,82","10,21B","0,58%"
"15/11/2021","186,96","188,16","188,66","186,70","9,96B","-0,58%"
"12/11/2021","188,06","188,43","188,97","187,82","7,57B","-0,05%"
"11/11/2021","188,15","188,40","188,76","187,85","8,34B","-0,04%"
"10/11/2021","188,23","188,00","188,92","187,82","8,31B","-0,02%"
"09/11/2021","188,27","187,01","188,27","186,97","6,97B","0,80%"
"08/11/2021","186,78","186,37","186,86","185,87","6,63B","0,42%"
"05/11/2021","186,01","186,24","186,62","185,06","8,19B","-0,12%"
"04/11/2021","186,22","185,54","186,89","185,54","7,97B","0,80%"
"03/11/2021","184,75","183,32","184,77","183,04","8,75B","0,80%"
"02/11/2021","183,28","184,99","185,48","182,85","9,79B","-0,86%"
"01/11/2021","184,87","186,05","186,50","184,84","9,58B","-0,49%"
"29/10/2021","185,79","184,61","185,95","184,32","7,94B","0,82%"
"28/10/2021","184,28","186,99","187,06","183,72","9,50B","-1,45%"
"27/10/2021","186,99","187,82","188,16","186,53","7,94B","-0,26%"
"26/10/2021","187,48","187,14","188,35","187,13","8,76B","0,46%"
"25/10/2021","186,63","186,68","187,64","186,38","7,82B","0,06%"
"22/10/2021","186,51","186,64","186,92","185,13","7,56B","-0,46%"
"21/10/2021","187,38","188,64","189,35","186,54","10,21B","-0,49%"
"19/10/2021","188,29","188,86","189,55","187,51","9,38B","-0,29%"
"18/10/2021","188,84","188,64","189,56","188,31","7,89B","0,33%"
"15/10/2021","188,21","188,99","189,89","187,24","7,17B","-0,13%"
"14/10/2021","188,46","185,45","188,46","185,45","8,79B","1,78%"
"13/10/2021","185,16","184,89","185,54","184,52","9,99B","0,09%"
"12/10/2021","184,99","185,06","186,17","184,57","10,03B","-0,08%"
"11/10/2021","185,15","185,77","186,30","184,86","10,31B","-0,18%"
"08/10/2021","185,48","184,59","186,19","184,53","9,79B","0,68%"
"07/10/2021","184,22","183,29","185,54","182,92","9,41B","0,21%"
"06/10/2021","183,83","182,22","184,38","181,66","9,34B","1,45%"
"05/10/2021","181,20","182,90","183,74","180,90","10,56B","-0,82%"
"04/10/2021","182,70","179,80","182,72","179,80","12,64B","1,71%"
"01/10/2021","179,62","181,30","181,46","179,14","10,54B","-1,06%"
"30/09/2021","181,54","178,75","181,54","178,75","10,63B","1,69%"
"29/09/2021","178,53","176,18","178,53","175,87","11,72B","0,97%"
"28/09/2021","176,81","175,99","176,81","175,77","14,56B","0,63%"
"27/09/2021","175,70","176,35","177,04","175,19","12,82B","-0,33%"
"24/09/2021","176,28","176,01","176,52","175,31","10,05B","0,30%"
"23/09/2021","175,75","175,63","176,26","175,29","12,21B","0,32%"
"22/09/2021","175,19","174,31","175,45","174,30","10,36B","0,62%"
"21/09/2021","174,11","173,12","174,31","171,58","10,29B","0,33%"
"20/09/2021","173,54","175,53","175,67","173,18","9,64B","-1,20%"
"17/09/2021","175,65","175,01","175,65","174,51","9,97B","0,09%"
"16/09/2021","175,49","176,09","176,69","175,05","10,70B","-0,16%"
"15/09/2021","175,77","175,59","176,10","175,33","11,22B","-0,01%"
"14/09/2021","175,79","174,26","175,80","174,24","11,42B","1,00%"
"13/09/2021","174,05","174,10","174,35","172,88","8,01B","-0,20%"
"10/09/2021","174,40","173,39","174,58","173,02","8,19B","0,67%"
"09/09/2021","173,24","172,49","173,44","171,11","10,20B","0,51%"
"08/09/2021","172,36","174,96","175,08","171,54","9,94B","-1,48%"
"07/09/2021","174,96","175,86","176,20","174,57","10,62B","-0,53%"
"06/09/2021","175,89","175,44","176,02","174,81","11,43B","0,36%"
"03/09/2021","175,26","174,14","175,26","173,70","11,00B","0,76%"
"02/09/2021","173,93","174,29","174,57","173,34","12,30B","-0,08%"
"01/09/2021","174,07","176,14","176,50","174,00","11,33B","-0,96%"
"31/08/2021","175,75","175,95","176,30","175,09","10,94B","0,11%"
"30/08/2021","175,56","173,01","175,56","173,01","10,27B","1,78%"
"27/08/2021","172,49","172,95","173,21","171,99","10,26B","-0,30%"
"26/08/2021","173,01","174,42","174,84","172,41","11,03B","-0,84%"
"25/08/2021","174,48","174,64","175,23","173,86","12,15B","0,04%"
"24/08/2021","174,41","175,16","176,10","173,17","15,55B","-0,30%"
"23/08/2021","174,93","172,49","174,93","172,49","10,84B","1,69%"
"20/08/2021","172,02","170,82","172,02","169,70","11,16B","0,56%"
"19/08/2021","171,07","174,13","174,15","170,13","15,94B","-1,82%"
"18/08/2021","174,24","174,31","174,74","172,47","13,90B","0,05%"
"16/08/2021","174,15","176,18","176,31","173,28","11,62B","-1,08%"
"13/08/2021","176,05","176,61","177,33","175,29","11,38B","-0,13%"
"12/08/2021","176,27","174,26","176,27","172,97","12,16B","1,61%"
"10/08/2021","173,48","175,04","175,42","171,97","10,54B","-0,84%"
"09/08/2021","174,96","177,39","179,19","174,56","15,98B","-1,44%"
"06/08/2021","177,52","177,07","179,15","177,07","12,00B","0,52%"
"05/08/2021","176,59","177,10","177,63","176,40","12,75B","-0,19%"
"04/08/2021","176,94","176,91","177,35","176,12","12,80B","0,11%"
"03/08/2021","176,74","176,92","177,58","176,71","10,75B","-0,05%"
"02/08/2021","176,83","175,87","176,95","174,94","13,19B","0,79%"
"30/07/2021","175,44","177,19","177,97","175,42","12,52B","-0,81%"
"29/07/2021","176,87","175,72","177,26","175,63","12,14B","0,88%"
"28/07/2021","175,34","175,84","176,47","174,93","8,84B","-0,28%"
"27/07/2021","175,83","176,29","176,99","174,63","11,33B","-0,04%"
"26/07/2021","175,90","175,91","177,13","175,66","8,37B","0,07%"
"23/07/2021","175,78","177,26","177,64","175,34","8,31B","-0,79%"
"22/07/2021","177,18","175,00","177,18","175,00","8,46B","1,42%"
"21/07/2021","174,70","174,86","175,71","174,16","7,45B","-0,09%"
"19/07/2021","174,86","175,51","175,82","174,61","7,10B","-0,48%"
"16/07/2021","175,71","175,26","176,05","175,16","7,27B","0,42%"
"15/07/2021","174,98","173,78","174,98","173,69","10,37B","0,73%"
"14/07/2021","173,71","173,95","174,65","172,61","9,45B","-0,18%"
"13/07/2021","174,02","177,16","177,46","173,91","8,87B","-1,45%"
"12/07/2021","176,57","176,76","177,62","176,32","8,03B","0,21%"
"09/07/2021","176,20","175,47","176,66","175,34","7,56B","0,45%"
"08/07/2021","175,40","176,18","176,87","175,09","9,75B","-0,26%"
"07/07/2021","175,87","175,47","175,87","174,76","9,26B","0,23%"
"06/07/2021","175,46","172,75","175,49","172,71","10,42B","1,78%"
"05/07/2021","172,39","173,53","173,97","171,87","9,63B","-0,51%"
"02/07/2021","173,28","173,40","174,02","173,03","10,52B","0,03%"
"01/07/2021","173,23","172,43","173,67","171,63","10,37B","0,75%"
"30/06/2021","171,95","171,33","172,30","171,16","14,43B","0,47%"
"29/06/2021","171,14","171,58","173,15","170,35","14,31B","-0,08%"
"28/06/2021","171,27","173,27","173,79","171,18","9,56B","-0,98%"
"25/06/2021","172,96","172,59","173,74","172,41","10,27B","0,48%"
"24/06/2021","172,13","173,28","173,83","172,01","12,09B","-0,67%"
"23/06/2021","173,30","174,14","175,27","173,30","14,23B","-0,28%"
"22/06/2021","173,78","171,72","174,63","171,72","9,31B","1,45%"
"21/06/2021","171,29","169,34","172,41","167,02","10,26B","0,09%"
"18/06/2021","171,13","173,84","174,08","169,64","14,38B","-1,59%"
"17/06/2021","173,90","173,87","174,86","173,61","15,81B","-0,29%"
"16/06/2021","174,41","174,11","175,05","173,63","10,71B","-0,05%"
"15/06/2021","174,50","173,52","174,50","172,92","11,22B","0,55%"
"14/06/2021","173,54","174,84","175,04","173,29","12,97B","-0,72%"
"11/06/2021","174,80","174,71","175,25","173,90","8,48B","0,27%"
"10/06/2021","174,32","173,97","175,03","173,97","11,94B","0,27%"
"09/06/2021","173,84","173,08","173,96","172,47","9,81B","0,02%"
"08/06/2021","173,80","176,43","176,74","173,52","12,39B","-1,60%"
"07/06/2021","176,62","176,95","177,47","176,19","10,46B","0,06%"
"04/06/2021","176,52","177,77","177,87","176,22","7,78B","-0,80%"
"03/06/2021","177,95","176,67","177,95","175,80","9,05B","0,61%"
"02/06/2021","176,87","175,60","176,87","175,30","10,43B","1,35%"
"31/05/2021","174,51","172,31","174,51","171,98","9,10B","1,49%"
"28/05/2021","171,94","172,75","173,48","170,81","8,22B","-0,15%"
"27/05/2021","172,19","170,72","172,98","170,51","11,72B","1,23%"
"25/05/2021","170,09","169,28","171,04","169,06","9,81B","0,75%"
"24/05/2021","168,82","170,62","171,00","168,49","9,00B","-0,80%"
"21/05/2021","170,19","172,07","172,71","169,48","7,99B","-0,80%"
"20/05/2021","171,55","170,06","171,73","169,66","7,96B","0,84%"
"19/05/2021","170,13","171,75","172,19","169,68","10,33B","-1,13%"
"18/05/2021","172,07","171,32","172,30","169,95","12,68B","0,60%"
"17/05/2021","171,03","175,51","175,78","170,72","11,37B","-2,33%"
"11/05/2021","175,12","176,22","176,28","174,69","8,48B","-0,83%"
"10/05/2021","176,59","175,33","176,85","175,25","8,07B","1,02%"
"07/05/2021","174,81","176,14","176,69","174,54","7,65B","-0,56%"
"06/05/2021","175,79","176,35","177,11","175,19","8,45B","-0,28%"
"05/05/2021","176,29","176,11","176,90","175,99","9,20B","0,09%"
"04/05/2021","176,14","176,09","176,52","175,28","9,94B","0,13%"
"03/05/2021","175,92","177,07","177,22","175,31","10,44B","-0,68%"
"30/04/2021","177,12","177,78","177,96","176,34","9,86B","-0,04%"
"29/04/2021","177,20","176,31","177,29","176,24","9,51B","0,72%"
"28/04/2021","175,92","174,91","175,92","174,68","9,67B","0,66%"
"27/04/2021","174,78","176,15","176,55","174,25","8,80B","-0,61%"
"26/04/2021","175,86","176,70","177,40","175,22","8,73B","-0,42%"
"23/04/2021","176,60","176,77","176,87","175,73","11,03B","-0,04%"
"22/04/2021","176,68","177,26","177,84","175,98","9,75B","-0,15%"
"21/04/2021","176,94","177,23","177,59","176,52","8,50B","-0,51%"
"20/04/2021","177,84","178,07","178,46","177,05","7,76B","-0,20%"
"19/04/2021","178,21","179,31","179,73","177,75","12,48B","-0,62%"
"16/04/2021","179,32","178,85","179,44","178,29","11,66B","0,39%"
"15/04/2021","178,63","177,32","178,63","176,88","9,19B","0,75%"
"14/04/2021","177,31","175,05","177,31","175,00","8,99B","1,51%"
"13/04/2021","174,67","175,22","175,33","173,16","6,47B","-0,22%"
"12/04/2021","175,06","179,01","179,44","174,88","8,15B","-2,23%"
"09/04/2021","179,05","180,34","180,62","179,05","9,81B","-0,64%"
"08/04/2021","180,21","179,03","180,21","178,86","10,35B","0,66%"
"07/04/2021","179,03","178,32","179,12","177,73","8,24B","0,60%"
"06/04/2021","177,97","177,05","178,14","176,13","7,81B","0,74%"
"05/04/2021","176,65","178,72","179,23","176,46","7,85B","-0,71%"
"01/04/2021","177,92","176,85","178,25","176,20","6,93B","0,58%"
"31/03/2021","176,89","178,59","178,71","173,90","7,15B","-0,98%"
"30/03/2021","178,64","181,55","181,81","177,80","7,10B","-1,64%"
"29/03/2021","181,61","182,30","183,60","181,29","6,98B","-0,29%"
"26/03/2021","182,13","180,55","182,13","179,60","7,22B","1,18%"
"25/03/2021","180,01","180,43","181,35","177,42","8,22B","-0,14%"
"24/03/2021","180,26","182,14","182,49","179,81","7,18B","-1,41%"
"23/03/2021","182,84","184,31","185,25","182,64","8,73B","-0,57%"
"22/03/2021","183,89","184,44","184,93","183,62","7,17B","-0,22%"
"19/03/2021","184,29","183,63","184,29","183,02","9,58B","0,16%"
"18/03/2021","183,99","183,28","184,50","183,19","8,95B","0,88%"
"17/03/2021","182,40","183,17","183,76","182,35","7,95B","-0,25%"
"16/03/2021","182,85","183,12","183,98","182,48","9,42B","0,03%"
"15/03/2021","182,79","183,95","184,62","182,76","7,67B","-0,48%"
"12/03/2021","183,68","180,87","183,86","180,86","9,43B","2,10%"
"10/03/2021","179,90","178,88","180,25","178,38","7,70B","0,96%"
"09/03/2021","178,19","180,10","180,40","177,34","13,19B","-0,71%"
"08/03/2021","179,47","180,41","181,39","178,89","8,81B","0,03%"
"05/03/2021","179,41","180,47","181,03","179,15","10,05B","-1,19%"
"04/03/2021","181,57","183,58","183,64","180,99","10,53B","-1,43%"
"03/03/2021","184,20","185,39","185,90","183,91","10,24B","-0,35%"
"02/03/2021","184,85","184,28","185,04","183,71","11,10B","0,60%"
"01/03/2021","183,76","183,93","184,19","182,40","11,27B","0,21%"
"26/02/2021","183,36","182,94","184,26","180,78","12,91B","-0,71%"
"25/02/2021","184,68","183,95","185,13","183,94","14,17B","0,90%"
"24/02/2021","183,04","184,95","185,37","182,51","8,16B","-0,82%"
"23/02/2021","184,54","183,85","184,88","183,26","7,62B","0,64%"
"22/02/2021","183,36","183,34","185,02","183,11","7,83B","0,45%"
"19/02/2021","182,55","182,35","182,87","181,18","7,21B","0,13%"
"18/02/2021","182,32","183,57","184,75","182,25","9,23B","-0,51%"
"17/02/2021","183,26","185,80","186,31","182,41","9,88B","-1,30%"
"16/02/2021","185,68","185,73","186,48","185,40","8,93B","0,17%"
"15/02/2021","185,37","184,18","185,62","184,17","7,53B","0,93%"
"11/02/2021","183,67","183,23","183,73","182,63","6,16B","0,44%"
"10/02/2021","182,86","182,45","183,07","181,59","8,54B","0,38%"
"09/02/2021","182,17","184,55","185,63","180,94","10,24B","-1,04%"
"08/02/2021","184,09","182,96","184,67","182,96","9,31B","1,04%"
"05/02/2021","182,19","180,98","182,27","179,76","7,49B","1,06%"
"04/02/2021","180,28","180,12","182,41","179,04","8,73B","0,46%"
"03/02/2021","179,45","179,62","181,13","178,15","9,03B","0,12%"
"02/02/2021","179,23","180,99","182,46","178,08","11,69B","-0,36%"
"01/02/2021","179,87","172,26","180,19","169,36","13,42B","4,44%"
"29/01/2021","172,23","175,52","177,02","171,08","10,42B","-1,44%"
"28/01/2021","174,74","178,01","179,18","173,89","10,67B","-2,61%"
"27/01/2021","179,42","180,76","180,77","175,67","12,20B","-0,39%"
"26/01/2021","180,13","183,41","184,23","179,28","11,14B","-1,69%"
"25/01/2021","183,23","184,61","184,62","179,37","11,00B","-0,91%"
"22/01/2021","184,91","188,84","189,17","184,12","10,46B","-2,20%"
"21/01/2021","189,07","190,50","191,59","188,63","11,44B","-0,29%"
"20/01/2021","189,63","186,64","189,94","185,13","11,98B","1,61%"
"19/01/2021","186,63","190,04","190,67","185,78","13,64B","-1,37%"
"18/01/2021","189,21","189,24","190,81","187,52","20,42B","-0,13%"
"15/01/2021","189,45","190,94","191,83","188,55","15,89B","-0,49%"
"14/01/2021","190,39","190,33","191,76","189,49","18,89B","0,23%"
"13/01/2021","189,95","190,24","190,97","188,09","22,66B","0,56%"
"12/01/2021","188,90","189,40","190,76","187,96","14,24B","-0,05%"
"11/01/2021","189,00","187,19","189,22","187,16","14,40B","1,05%"
"08/01/2021","187,05","184,82","187,70","184,82","15,59B","1,88%"
"07/01/2021","183,59","180,90","184,09","180,78","15,58B","1,76%"
"06/01/2021","180,41","182,76","183,76","177,70","13,83B","-1,17%"
"05/01/2021","182,55","181,71","182,86","180,72","12,24B","0,37%"
"04/01/2021","181,87","178,10","181,87","175,91","13,43B","2,47%"
"30/12/2020","177,48","179,83","179,92","176,64","11,97B","-1,14%"
"29/12/2020","179,54","182,40","183,50","179,15","12,26B","-1,07%"
"28/12/2020","181,48","180,27","181,48","177,78","13,30B","1,47%"
"23/12/2020","178,86","180,15","181,56","173,93","14,24B","-0,35%"
"22/12/2020","179,49","184,38","184,80","179,02","16,14B","-2,78%"
"21/12/2020","184,63","181,88","185,19","181,88","15,12B","1,80%"
"18/12/2020","181,36","180,69","182,34","180,60","17,60B","0,37%"
"17/12/2020","180,70","182,29","183,21","179,64","22,40B","-0,69%"
"16/12/2020","181,96","178,56","182,09","178,56","22,92B","2,39%"
"15/12/2020","177,72","177,95","178,30","176,33","14,36B","-0,08%"
"14/12/2020","177,87","175,68","177,87","175,68","16,54B","1,64%"
"11/12/2020","174,99","174,93","175,63","174,29","15,74B","0,45%"
"10/12/2020","174,21","174,83","176,03","173,31","19,54B","-0,11%"
"08/12/2020","174,40","174,49","175,13","173,55","22,51B","0,27%"
"07/12/2020","173,93","170,88","174,27","170,88","16,16B","2,36%"
"04/12/2020","169,91","170,25","170,38","168,97","11,47B","-0,15%"
"03/12/2020","170,17","170,95","171,71","169,59","15,13B","-0,22%"
"02/12/2020","170,54","168,14","170,54","167,75","14,10B","1,79%"
"01/12/2020","167,54","165,70","167,65","164,00","14,24B","1,47%"
"30/11/2020","165,11","169,87","170,45","163,62","20,47B","-2,76%"
"27/11/2020","169,80","169,04","170,29","168,07","16,99B","0,64%"
"26/11/2020","168,73","165,99","168,73","165,99","16,47B","1,80%"
"25/11/2020","165,74","167,69","168,75","165,43","23,60B","-0,74%"
"24/11/2020","166,99","166,34","167,32","166,09","18,12B","0,90%"
"23/11/2020","165,50","162,91","165,50","162,91","14,46B","1,96%"
"20/11/2020","162,32","162,92","163,82","162,11","17,69B","-0,12%"
"19/11/2020","162,51","161,74","162,81","161,56","12,27B","0,31%"
"18/11/2020","162,00","161,56","162,87","161,56","9,87B","0,34%"
"17/11/2020","161,46","160,81","162,39","160,81","11,06B","0,71%"
"16/11/2020","160,33","159,63","160,43","159,33","9,18B","1,02%"
"13/11/2020","158,71","158,82","158,96","158,04","8,19B","-0,35%"
"12/11/2020","159,27","159,30","159,67","158,55","8,02B","-0,12%"
"11/11/2020","159,47","158,64","160,08","158,28","10,77B","1,08%"
"10/11/2020","157,76","157,71","158,55","157,02","9,99B","1,02%"
"09/11/2020","156,16","156,72","157,47","155,47","8,72B","0,03%"
"06/11/2020","156,12","154,28","156,16","153,61","7,54B","1,55%"
"05/11/2020","153,74","151,45","153,74","151,43","7,39B","2,54%"
"04/11/2020","149,93","151,29","152,03","149,84","7,46B","-0,66%"
"03/11/2020","150,92","150,13","151,19","150,13","7,15B","1,02%"
"02/11/2020","149,40","149,92","150,16","148,68","7,06B","-0,71%"
"27/10/2020","150,47","150,79","151,38","149,92","7,87B","-0,53%"
"26/10/2020","151,26","151,24","151,75","150,97","8,26B","0,06%"
"23/10/2020","151,17","151,30","151,72","150,74","7,35B","0,14%"
"22/10/2020","150,95","150,74","151,09","150,28","10,05B","0,02%"
"21/10/2020","150,92","150,90","151,46","150,55","8,37B","0,24%"
"20/10/2020","150,56","150,65","151,26","150,00","6,70B","-0,05%"
"19/10/2020","150,64","150,75","151,20","150,09","8,89B","0,35%"
"16/10/2020","150,12","149,71","150,12","148,69","6,85B","0,35%"
"15/10/2020","149,60","151,19","151,68","149,47","8,10B","-0,99%"
"14/10/2020","151,09","149,30","151,24","149,19","7,33B","1,19%"
"13/10/2020","149,32","148,55","149,34","147,52","6,80B","0,51%"
"12/10/2020","148,57","148,93","149,30","148,48","5,71B","0,22%"
"09/10/2020","148,25","147,93","148,32","147,59","5,15B","0,20%"
"08/10/2020","147,96","147,10","147,96","146,73","6,11B","0,80%"
"07/10/2020","146,78","146,66","147,22","145,98","7,03B","-0,07%"
"06/10/2020","146,88","146,97","147,64","146,63","8,93B","0,58%"
"05/10/2020","146,03","146,05","146,66","145,35","5,37B","0,30%"
"02/10/2020","145,60","146,64","146,89","144,26","6,54B","-0,76%"
"01/10/2020","146,70","144,45","146,70","144,45","7,68B","2,01%"
"30/09/2020","143,81","143,86","144,28","142,78","6,57B","0,17%"
"29/09/2020","143,57","144,80","145,24","142,88","6,41B","-0,48%"
"28/09/2020","144,26","145,06","145,93","144,20","6,50B","-0,30%"
"25/09/2020","144,70","142,68","144,85","142,11","6,82B","1,73%"
"24/09/2020","142,24","143,47","143,57","141,26","4,95B","-1,58%"
"23/09/2020","144,52","145,08","146,11","143,20","5,33B","-0,17%"
"22/09/2020","144,76","144,83","145,52","143,70","5,61B","-0,92%"
"21/09/2020","146,10","148,09","148,46","145,66","8,73B","-1,32%"
"18/09/2020","148,06","146,80","148,06","146,79","7,42B","1,01%"
"17/09/2020","146,58","147,04","147,70","145,81","5,93B","-0,23%"
"16/09/2020","146,92","147,93","148,29","146,55","6,66B","-0,70%"
"15/09/2020","147,96","149,61","150,10","147,50","8,80B","-0,85%"
"14/09/2020","149,23","146,83","149,23","146,76","8,61B","2,49%"
"11/09/2020","145,60","138,99","145,60","137,66","8,86B","2,80%"
"10/09/2020","141,63","146,50","146,50","140,94","5,87B","-4,53%"
"09/09/2020","148,35","150,43","150,59","148,25","7,84B","-1,95%"
"08/09/2020","151,29","151,45","152,03","151,01","7,25B","-0,11%"
"07/09/2020","151,46","150,93","151,61","150,18","5,24B","0,32%"
"04/09/2020","150,98","151,85","151,85","149,43","5,65B","-0,57%"
"03/09/2020","151,85","152,82","153,23","150,89","6,43B","-0,63%"
"02/09/2020","152,82","152,31","153,17","152,15","8,44B","0,33%"
"01/09/2020","152,31","150,76","152,31","150,24","6,80B","1,03%"
"31/08/2020","150,76","153,21","153,85","150,15","9,23B","-1,60%"
"28/08/2020","153,21","153,48","153,87","152,66","7,84B","-0,18%"
"27/08/2020","153,48","153,30","153,86","152,93","9,56B","0,11%"
"26/08/2020","153,30","153,00","153,77","152,88","8,77B","0,20%"
"25/08/2020","153,00","152,05","153,33","152,04","9,99B","0,63%"
"24/08/2020","152,05","152,05","152,76","151,72","8,92B","0,00%"
"19/08/2020","152,05","152,86","153,36","151,89","7,04B","-0,53%"
"18/08/2020","152,86","151,98","153,22","151,87","6,56B","0,58%"
"14/08/2020","151,98","152,24","152,60","151,82","5,22B","-0,17%"
"13/08/2020","152,24","151,73","153,10","151,70","5,33B","0,34%"
"12/08/2020","151,73","151,46","151,73","150,78","6,08B","0,18%"
"11/08/2020","151,46","151,25","152,23","151,18","5,36B","0,13%"
"10/08/2020","151,25","151,26","151,90","150,84","4,09B","-0,01%"
"07/08/2020","151,26","152,07","152,69","150,48","4,84B","-0,53%"
"06/08/2020","152,07","150,53","152,29","150,53","6,24B","1,03%"
"05/08/2020","150,53","147,95","150,60","147,95","6,20B","1,74%"
"04/08/2020","147,95","146,04","148,01","146,04","5,19B","1,30%"
"03/08/2020","146,04","150,13","150,59","143,34","5,64B","-2,72%"
"30/07/2020","150,13","149,25","150,13","149,01","5,69B","0,59%"
"29/07/2020","149,25","149,31","149,54","148,67","6,10B","-0,04%"
"28/07/2020","149,31","149,78","150,21","148,75","5,78B","-0,31%"
"27/07/2020","149,78","149,70","150,61","149,38","7,02B","0,05%"
"24/07/2020","149,70","150,77","151,22","149,41","7,57B","-0,71%"
"23/07/2020","150,77","149,69","151,18","149,69","7,03B","0,72%"
"22/07/2020","149,69","149,66","150,89","149,29","4,71B","0,02%"
"21/07/2020","149,66","148,02","150,29","147,92","6,19B","1,11%"
"20/07/2020","148,02","148,84","149,52","147,49","4,39B","-0,55%"
"17/07/2020","148,84","149,06","149,54","148,46","4,11B","-0,14%"
"16/07/2020","149,06","148,65","149,74","148,65","4,43B","0,27%"
"15/07/2020","148,65","148,33","149,56","148,33","5,80B","0,22%"
"14/07/2020","148,33","147,70","148,33","147,47","4,51B","0,43%"
"13/07/2020","147,70","146,55","147,88","146,55","4,46B","0,78%"
"10/07/2020","146,55","147,72","147,99","146,37","4,61B","-0,79%"
"09/07/2020","147,72","148,49","149,58","147,72","5,22B","-0,52%"
"08/07/2020","148,49","147,30","148,55","147,16","5,00B","0,81%"
"07/07/2020","147,30","147,38","148,02","146,89","5,48B","-0,05%"
"06/07/2020","147,38","146,98","147,93","146,98","4,71B","0,27%"
"03/07/2020","146,98","146,84","147,80","146,76","3,96B","0,10%"
"02/07/2020","146,84","144,47","146,84","144,43","4,06B","1,64%"
"01/07/2020","144,47","144,91","145,54","143,79","3,22B","-0,30%"
"30/06/2020","144,91","145,81","146,49","144,91","3,70B","-0,62%"
"29/06/2020","145,81","146,26","146,60","144,75","3,18B","-0,31%"
"26/06/2020","146,26","145,58","146,88","145,48","3,09B","0,47%"
"25/06/2020","145,58","147,70","147,70","145,21","3,71B","-1,43%"
"24/06/2020","147,70","146,14","148,07","146,14","4,22B","1,07%"
"23/06/2020","146,14","147,64","148,29","146,14","4,09B","-1,01%"
"22/06/2020","147,64","148,14","148,66","147,07","3,34B","-0,34%"
"19/06/2020","148,14","147,63","149,06","147,63","4,25B","0,34%"
"18/06/2020","147,63","149,60","149,77","147,63","5,24B","-1,31%"
"17/06/2020","149,60","148,96","149,87","148,64","5,08B","0,43%"
"16/06/2020","148,96","144,84","149,08","144,84","5,56B","2,84%"
"15/06/2020","144,84","145,46","147,20","144,22","4,32B","-0,42%"
"12/06/2020","145,46","146,05","146,05","141,76","5,27B","-0,40%"
"11/06/2020","146,05","147,32","147,99","144,84","4,78B","-0,87%"
"10/06/2020","147,32","150,14","150,62","146,63","6,01B","-1,88%"
"09/06/2020","150,14","150,92","153,05","150,13","8,35B","-0,51%"
"08/06/2020","150,92","148,80","152,06","148,80","10,07B","1,42%"
"05/06/2020","148,80","148,15","149,06","146,72","6,51B","0,44%"
"04/06/2020","148,15","148,65","150,40","147,75","8,45B","-0,34%"
"03/06/2020","148,65","146,68","149,15","146,68","6,99B","1,34%"
"02/06/2020","146,68","143,81","147,45","143,81","4,69B","2,00%"
"29/05/2020","143,81","142,96","144,06","142,58","7,09B","0,59%"
"28/05/2020","142,96","141,99","144,14","141,54","4,71B","0,51%"
"26/05/2020","142,24","140,27","142,56","139,77","3,92B","1,40%"
"20/05/2020","140,27","141,63","141,93","139,71","2,88B","-0,96%"
"19/05/2020","141,63","140,83","142,97","140,83","3,35B","0,57%"
"18/05/2020","140,83","140,07","140,95","139,43","2,90B","0,54%"
"15/05/2020","140,07","138,75","140,23","138,19","2,95B","0,95%"
"14/05/2020","138,75","139,73","140,29","138,05","3,29B","-0,70%"
"13/05/2020","139,73","140,89","140,89","138,60","3,17B","-0,82%"
"12/05/2020","140,89","141,93","142,52","140,33","3,23B","-0,73%"
"11/05/2020","141,93","140,74","142,93","140,74","3,42B","0,85%"
"08/05/2020","140,74","140,27","141,40","140,13","3,23B","0,33%"
"06/05/2020","140,27","141,65","141,94","139,83","3,13B","-0,97%"
"05/05/2020","141,65","140,57","142,71","140,57","3,23B","0,77%"
"04/05/2020","140,57","144,87","144,87","140,36","2,89B","-2,97%"
"30/04/2020","144,87","141,58","145,46","141,58","4,09B","2,32%"
"29/04/2020","141,58","139,61","141,60","139,26","3,02B","1,42%"
"28/04/2020","139,61","137,36","139,79","137,34","3,27B","1,64%"
"27/04/2020","137,36","136,77","138,27","136,56","2,74B","0,44%"
"24/04/2020","136,77","138,61","139,17","136,72","3,31B","-1,33%"